,rxns,diff_flux,abs_diff_flux,PathShort,PathLong,pathCommon,del_rxn1,del_rxn2,totalFluxDiff,solStatus,sl_size,common_sl_size,num_diff,net_diff,Organism,rxn1_short_bool,rxn2_short_bool,rxn1_cluster_len,rxn2_cluster_len,Subsystem 1,Subsystem 2,same_subsystems,Rxn_1_Type,Rxn_2_Type,PSL RSL Type,PSL Type
0,"['CS', 'ADSL1r', 'EX_phe__L_e', 'ADSS', 'ACONT', 'ADD', 'EX_hxan_e', 'EX_lys__L_e', 'EX_pro__L_e', 'EX_pyr_e', 'CDAPPA_HP', 'EX_ser__L_e', 'EX_thr__L_e', 'EX_trp__L_e', 'EX_tyr__L_e', 'EDA', 'EDD', 'FORt', 'EX_acald_e', 'G6PDH1', 'GMPR', 'HXPRT', 'ICDHyr', 'PGL', 'NDPK1', 'PYRDC']","[0.0004884891149039006, 0.046954215700554996, 0.0001421449836336297, 0.046954215700554996, 0.0004884891149039006, 0.04716653062496334, 0.0004371705203937981, 0.0002855821943912318, 0.0012223643716424704, 0.0003609282982578593, 0.00010785489348552935, 0.000995448512536544, 0.0001243243459612131, 0.0005770765377650158, 0.0001058010957727673, 4.312808026157161e-05, 4.312808026157161e-05, 0.00045572896793361073, 0.0006401720068501015, 4.312808026157161e-05, 0.00022485559598543758, 0.046729360104569545, 0.0004884891149039006, 4.312808026157161e-05, 0.04674987421016208, 0.0006401720068501015]","[0.0004884891149039006, 0.046954215700554996, 0.0001421449836336297, 0.046954215700554996, 0.0004884891149039006, 0.04716653062496334, 0.0004371705203937981, 0.0002855821943912318, 0.0012223643716424704, 0.0003609282982578593, 0.00010785489348552935, 0.000995448512536544, 0.0001243243459612131, 0.0005770765377650158, 0.0001058010957727673, 4.312808026157161e-05, 4.312808026157161e-05, 0.00045572896793361073, 0.0006401720068501015, 4.312808026157161e-05, 0.00022485559598543758, 0.046729360104569545, 0.0004884891149039006, 4.312808026157161e-05, 0.04674987421016208, 0.0006401720068501015]",['FORt'],"['CS', 'EX_phe__L_e', 'ACONT', 'ADD', 'EX_hxan_e', 'EX_lys__L_e', 'EX_pro__L_e', 'EX_pyr_e', 'CDAPPA_HP', 'EX_ser__L_e', 'EX_thr__L_e', 'EX_trp__L_e', 'EX_tyr__L_e', 'EDA', 'EDD', 'EX_acald_e', 'G6PDH1', 'GMPR', 'HXPRT', 'ICDHyr', 'PGL', 'PYRDC']","['ADSL1r', 'ADSS', 'NDPK1']",ADPT,ADD,0.38692563117969314,1,26,3,26.0,0.24251180033802225,iIT341,False,False,22,22,Salvage pathway of ATP,Purine metabolism,False,pFBAOpt_Rxns,MLE_Rxns,PSL,True
1,"['CS', 'ADSL1r', 'EX_phe__L_e', 'ADSS', 'ACONT', 'ADD', 'EX_lys__L_e', 'EX_pro__L_e', 'EX_pyr_e', 'CDAPPA_HP', 'EX_ser__L_e', 'EX_thr__L_e', 'EX_trp__L_e', 'EX_tyr__L_e', 'EDA', 'EDD', 'FORt', 'EX_acald_e', 'G6PDH1', 'GMPR', 'HXPRT', 'ICDHyr', 'PGL', 'NDPK1', 'TRPS1', 'PYRDC']","[0.0004884896550737261, 0.046954215745828615, 0.0001421450220638193, 0.046954215745828615, 0.0004884896550737261, 0.04716653017086711, 0.0002855822716009704, 0.0012223647208884358, 0.0003609292460903246, 0.0001078549583920433, 0.0009954489288300714, 0.00012432444478913118, 0.0005770763428264922, 0.00010580112437705291, 4.3128091921640355e-05, 4.3128091921640355e-05, 0.00045572905536872543, 0.0006401737435165681, 4.3128091921640355e-05, 0.00022485565677721198, 0.0467293600890514, 0.0004884896550737261, 4.3128091921640355e-05, 0.04674987420019011, 0.0005334636656023697, 0.0006401737435165681]","[0.0004884896550737261, 0.046954215745828615, 0.0001421450220638193, 0.046954215745828615, 0.0004884896550737261, 0.04716653017086711, 0.0002855822716009704, 0.0012223647208884358, 0.0003609292460903246, 0.0001078549583920433, 0.0009954489288300714, 0.00012432444478913118, 0.0005770763428264922, 0.00010580112437705291, 4.3128091921640355e-05, 4.3128091921640355e-05, 0.00045572905536872543, 0.0006401737435165681, 4.3128091921640355e-05, 0.00022485565677721198, 0.0467293600890514, 0.0004884896550737261, 4.3128091921640355e-05, 0.04674987420019011, 0.0005334636656023697, 0.0006401737435165681]",['FORt'],"['CS', 'EX_phe__L_e', 'ACONT', 'EX_lys__L_e', 'EX_pro__L_e', 'EX_pyr_e', 'CDAPPA_HP', 'EX_ser__L_e', 'EX_thr__L_e', 'EX_trp__L_e', 'EX_tyr__L_e', 'EDA', 'EDD', 'EX_acald_e', 'G6PDH1', 'GMPR', 'HXPRT', 'ICDHyr', 'PGL', 'TRPS1', 'PYRDC']","['ADSL1r', 'ADSS', 'ADD', 'NDPK1']",ADPT,HXPRT,0.3869257274163386,1,26,4,26.0,0.2426081002093134,iIT341,False,False,21,21,Salvage pathway of ATP,Salvage pathway of GTP,False,pFBAOpt_Rxns,MLE_Rxns,PSL,True
2,"['DAAD', 'EX_pi_e', 'AIRC3', 'AKO', 'ALAR', 'ANPRT', 'ANS2', 'ADD', 'DHORTS', 'EX_his__L_e', 'EX_hxan_e', 'EX_ile__L_e', 'ASPTA', 'EX_leu__L_e', 'EX_lys__L_e', 'EX_met__L_e', 'EX_trp__L_e', 'EX_tyr__L_e', 'EX_val__L_e', 'FADOX', 'FBA', 'FORt', 'GLUDy', 'GLUR', 'FTHFLi', 'G6PDH1', 'GMPR', 'GND', 'GAPD', 'EX_ala__L_e', 'H2Ot', 'MAN6PI', 'ME1', 'HSDy', 'PGCD', 'IGPS', 'IMPC', 'PMANM', 'PGL', 'PGMT', 'PHETA1', 'ORPT', 'TALA', 'PGAMT', 'TKT1', 'TKT2', 'TPI', 'PRAIi', 'TRPS1', 'PSERT', 'PSP_L', 'URIDK2r', 'PUTA3', 'RPE', 'RPI', 'SERD_L']","[13.96949677061797, 0.09837437457543396, 0.04478137141308103, 0.0712913504582327, 13.963636495737969, 0.02399315439999993, 0.02399315439999993, 0.012683931621722877, 0.03345240243999997, 0.00955479599999999, 0.012683931621722877, 0.02930137439999997, 0.15871971911370952, 0.0454383632, 0.03753973183999998, 0.031471587064799994, 0.029726031999999927, 0.01390753639999999, 0.042684352526390995, 14.040788121076204, 0.0665404274151864, 0.015124120712527861, 0.19456211268198587, 0.0029301374399999993, 0.009069564980527911, 0.024152251480694886, 0.029557230603999896, 0.024152251480694886, 0.21092698337807092, 0.8803267531624659, 0.5504832234077301, 0.0026753428800000006, 0.1646973373497801, 0.016342416871339083, 0.07536916815467265, 0.02399315439999993, 0.04478137141308103, 0.0026753428800000006, 0.024152251480694886, 0.00566917896, 0.01868493439999999, 0.03345240243999997, 0.03646037916794065, 0.009427398720000008, 0.03289325532794064, 0.03646037916794065, 0.08750014623494373, 0.02399315439999993, 0.02399315439999993, 0.07536916815467265, 0.07536916815467265, 0.002622260679999997, 0.004458904799999885, 0.06935363449588128, 0.044307478767186326, 0.1972612467397446]","[13.96949677061797, 0.09837437457543396, 0.04478137141308103, 0.0712913504582327, 13.963636495737969, 0.02399315439999993, 0.02399315439999993, 0.012683931621722877, 0.03345240243999997, 0.00955479599999999, 0.012683931621722877, 0.02930137439999997, 0.15871971911370952, 0.0454383632, 0.03753973183999998, 0.031471587064799994, 0.029726031999999927, 0.01390753639999999, 0.042684352526390995, 14.040788121076204, 0.0665404274151864, 0.015124120712527861, 0.19456211268198587, 0.0029301374399999993, 0.009069564980527911, 0.024152251480694886, 0.029557230603999896, 0.024152251480694886, 0.21092698337807092, 0.8803267531624659, 0.5504832234077301, 0.0026753428800000006, 0.1646973373497801, 0.016342416871339083, 0.07536916815467265, 0.02399315439999993, 0.04478137141308103, 0.0026753428800000006, 0.024152251480694886, 0.00566917896, 0.01868493439999999, 0.03345240243999997, 0.03646037916794065, 0.009427398720000008, 0.03289325532794064, 0.03646037916794065, 0.08750014623494373, 0.02399315439999993, 0.02399315439999993, 0.07536916815467265, 0.07536916815467265, 0.002622260679999997, 0.004458904799999885, 0.06935363449588128, 0.044307478767186326, 0.1972612467397446]","['FORt', 'H2Ot']","['DAAD', 'AKO', 'ADD', 'EX_hxan_e', 'EX_lys__L_e', 'EX_trp__L_e', 'EX_tyr__L_e', 'FADOX', 'FTHFLi', 'G6PDH1', 'GMPR', 'GND', 'PGL', 'TRPS1', 'PUTA3', 'SERD_L']","['EX_pi_e', 'AIRC3', 'ALAR', 'ANPRT', 'ANS2', 'DHORTS', 'EX_his__L_e', 'EX_ile__L_e', 'ASPTA', 'EX_leu__L_e', 'EX_met__L_e', 'EX_val__L_e', 'FBA', 'GLUDy', 'GLUR', 'GAPD', 'EX_ala__L_e', 'MAN6PI', 'ME1', 'HSDy', 'PGCD', 'IGPS', 'IMPC', 'PMANM', 'PGMT', 'PHETA1', 'ORPT', 'TALA', 'PGAMT', 'TKT1', 'TKT2', 'TPI', 'PRAIi', 'PSERT', 'PSP_L', 'URIDK2r', 'RPE', 'RPI']",ALAD_L,FADOX,117.4407350609353,1,56,38,56.0,45.83330623809161,iIT341,False,False,16,16,Alanine Metabolism,Respiratory chain,False,pFBAOpt_Rxns,MLE_Rxns,PSL,True
3,['ANS'],[0.035541255599999995],[0.035541255599999995],[],['ANS'],[],ANS2,ANS,0.10662376680000002,1,1,0,1.0,0.035541255599999995,iIT341,False,False,1,1,Chorismate Metabolism,Tryptophan Biosynthesis,False,pFBAOpt_Rxns,MLE_Rxns,PSL,True
4,"['FOLD3', 'HPPK']","[0.032908569999999956, 0.032908569999999956]","[0.032908569999999956, 0.032908569999999956]",[],"['FOLD3', 'HPPK']",[],DHPS,FOLD3,0.16454285000000002,1,2,0,2.0,0.06581713999999991,iIT341,False,False,2,2,Folate Biosynthesis,Folate Biosynthesis,True,pFBAOpt_Rxns,MLE_Rxns,PSL,True
5,"['FOLD3', 'HPPK']","[0.03290857000037099, 0.03290857000037099]","[0.03290857000037099, 0.03290857000037099]",[],"['FOLD3', 'HPPK']",[],DHPS,HPPK,0.1645428485013066,1,2,0,2.0,0.06581714000074199,iIT341,False,False,2,2,Folate Biosynthesis,Folate Biosynthesis,True,pFBAOpt_Rxns,MLE_Rxns,PSL,True
6,"['EX_phe__L_e', 'ADD', 'EX_glu__L_e', 'EX_hxan_e', 'EX_lys__L_e', 'EX_pro__L_e', 'CCP', 'CDAPPA_HP', 'EX_ser__L_e', 'EX_thr__L_e', 'EX_trp__L_e', 'EX_tyr__L_e', 'EDA', 'EDD', 'G6PDH2r', 'EX_akg_e', 'EX_asp__L_e', 'PGL', 'TRPS1']","[3.8206568977933175e-05, 5.7067350663631e-05, 8.906106409144188e-05, 0.00011750536696553127, 7.67611216494768e-05, 4.5587425120174885e-05, 0.06117963220475927, 2.898994747099759e-05, 0.00017922212432981005, 3.341585397720337e-05, 0.00012359983925575718, 2.8437843955161912e-05, 7.697185546332941e-05, 7.697185546332941e-05, 7.697185546332941e-05, 1.8171037390601885e-05, 0.0001684322771247082, 7.697185546332941e-05, 0.00011187736922844277]","[3.8206568977933175e-05, 5.7067350663631e-05, 8.906106409144188e-05, 0.00011750536696553127, 7.67611216494768e-05, 4.5587425120174885e-05, 0.06117963220475927, 2.898994747099759e-05, 0.00017922212432981005, 3.341585397720337e-05, 0.00012359983925575718, 2.8437843955161912e-05, 7.697185546332941e-05, 7.697185546332941e-05, 7.697185546332941e-05, 1.8171037390601885e-05, 0.0001684322771247082, 7.697185546332941e-05, 0.00011187736922844277]",[],"['EX_phe__L_e', 'EX_glu__L_e', 'EX_hxan_e', 'EX_lys__L_e', 'EX_pro__L_e', 'CCP', 'CDAPPA_HP', 'EX_ser__L_e', 'EX_thr__L_e', 'EX_trp__L_e', 'EX_tyr__L_e', 'EDA', 'EDD', 'G6PDH2r', 'EX_akg_e', 'EX_asp__L_e', 'PGL', 'TRPS1']",['ADD'],CAT,CCP,0.15404712499846182,1,19,1,19.0,0.06260385481681346,iIT341,False,False,18,18,ROS Detoxification,ROS Detoxification,True,pFBAOpt_Rxns,MLE_Rxns,PSL,True
7,"['CS', 'ADSK', 'EX_phe__L_e', 'ACONT', 'ANPRT', 'ANS2', 'ADD', 'EX_hxan_e', 'EX_lys__L_e', 'BPNT', 'EX_pro__L_e', 'EX_pyr_e', 'CDAPPA_HP', 'EX_ser__L_e', 'EX_thr__L_e', 'EX_trp__L_e', 'EX_tyr__L_e', 'GART', 'EDA', 'EDD', 'FORt', 'FTHFD', 'EX_acald_e', 'GMPR', 'ICDHyr', 'IGPS', 'P5CR', 'SULR', 'PAPSR', 'SULabc', 'PRAIi', 'TRPS1', 'PYRDC', 'SADT2']","[0.0041733007573228065, 0.00036844042220280054, 0.0010231709786536758, 0.0041733007573228065, 0.0034879055832548814, 0.0034879055832548814, 0.0011598165617011796, 0.002778345153558917, 0.002055643511658767, 0.0003687833915692479, 0.008752043126150966, 0.004388436846182342, 0.000776348395021295, 0.0072108147435120395, 0.0008639617590233684, 0.0038018330426145275, 0.0007615647625206362, 0.3347470639831732, 0.0003104393764778793, 0.0003104393764778793, 0.003280373385085961, 0.3317982328759998, 0.005368636032415636, 0.0016185285918577375, 0.0041733007573228065, 0.0034879055832548814, 0.007531214161231231, 0.00036844042220280054, 0.00036844042220280054, 0.00036844042220280054, 0.0034879055832548814, 0.0034879055832548814, 0.005368636032415636, 0.00036844042220280054]","[0.0041733007573228065, 0.00036844042220280054, 0.0010231709786536758, 0.0041733007573228065, 0.0034879055832548814, 0.0034879055832548814, 0.0011598165617011796, 0.002778345153558917, 0.002055643511658767, 0.0003687833915692479, 0.008752043126150966, 0.004388436846182342, 0.000776348395021295, 0.0072108147435120395, 0.0008639617590233684, 0.0038018330426145275, 0.0007615647625206362, 0.3347470639831732, 0.0003104393764778793, 0.0003104393764778793, 0.003280373385085961, 0.3317982328759998, 0.005368636032415636, 0.0016185285918577375, 0.0041733007573228065, 0.0034879055832548814, 0.007531214161231231, 0.00036844042220280054, 0.00036844042220280054, 0.00036844042220280054, 0.0034879055832548814, 0.0034879055832548814, 0.005368636032415636, 0.00036844042220280054]",[],"['CS', 'ADSK', 'EX_phe__L_e', 'ACONT', 'EX_hxan_e', 'EX_lys__L_e', 'EX_pro__L_e', 'EX_pyr_e', 'CDAPPA_HP', 'EX_ser__L_e', 'EX_thr__L_e', 'EX_trp__L_e', 'EX_tyr__L_e', 'EDA', 'EDD', 'FTHFD', 'EX_acald_e', 'GMPR', 'ICDHyr', 'SULR', 'PAPSR', 'SULabc', 'PYRDC', 'SADT2']","['ANPRT', 'ANS2', 'ADD', 'BPNT', 'GART', 'FORt', 'IGPS', 'P5CR', 'PRAIi', 'TRPS1']",GARFT,FTHFD,1.4204198025415102,1,34,10,34.0,0.7560759583865589,iIT341,False,False,24,24,IMP Synthesis,THF Metabolism,False,pFBAOpt_Rxns,MLE_Rxns,PSL,True
8,"['GARFT', 'FTHFLi']","[0.022411394169562837, 0.02241139419791388]","[0.022411394169562837, 0.02241139419791388]",[],['FTHFLi'],['GARFT'],GART,FTHFLi,0.06723418302421966,1,2,1,2.0,0.04482278836747672,iIT341,False,False,1,1,IMP Synthesis,THF Metabolism,False,pFBAOpt_Rxns,ELE_Rxns,PSL,True
9,['H2CO3D'],[2.1212179723097315],[2.1212179723097315],[],['H2CO3D'],[],HCO3E,H2CO3D,6.363653916901162,1,1,0,1.0,2.1212179723097315,iIT341,False,False,1,1,Others,Others,True,pFBAOpt_Rxns,ELE_Rxns,RSL,False
10,['H2CO3D'],[2.1212179723269164],[2.1212179723269164],[],[],['H2CO3D'],HCO3E,H2CO3D2,6.363653917123199,1,1,1,1.0,2.1212179723269164,iIT341,False,False,0,0,Others,Others,True,pFBAOpt_Rxns,ELE_Rxns,RSL,False
11,"['AKGt2r', 'AKO', 'FADOX', 'EDA', 'EDD', 'FUM', 'EX_co2_e', 'ME1', 'PGI', 'RPI']","[0.5790749937826637, 0.5790749937899269, 0.27319036499962546, 0.17691944955345296, 0.17691944955345296, 0.5790749938433234, 0.6273916393587005, 0.5790749938433234, 0.35383889910569744, 0.17691944952838168]","[0.5790749937826637, 0.5790749937899269, 0.27319036499962546, 0.17691944955345296, 0.17691944955345296, 0.5790749938433234, 0.6273916393587005, 0.5790749938433234, 0.35383889910569744, 0.17691944952838168]","['AKGt2r', 'ME1']","['AKO', 'EDA', 'EDD']","['FADOX', 'FUM', 'EX_co2_e', 'PGI', 'RPI']",ME1,AKO,12.738743923687263,1,10,5,10.0,4.101479227358549,iIT341,True,False,2,3,Others,TCA cycle,False,pFBAOpt_Rxns,MLE_Rxns,PSL,True
12,"['AKGt2r', 'AKO', 'EX_lac__L_e', 'CCP', 'FADOX', 'EDA', 'EDD', 'FUM', 'EX_co2_e', 'ME1', 'PGI', 'RPI']","[0.5790749938668027, 0.5790749938733653, 0.25123488634658386, 0.00022049200165438418, 0.5790749938733653, 0.16358931564254386, 0.16358931564254386, 0.5790749938733653, 0.6673820407399251, 0.579074993825879, 0.32717863148260595, 0.16358931569192314]","[0.5790749938668027, 0.5790749938733653, 0.25123488634658386, 0.00022049200165438418, 0.5790749938733653, 0.16358931564254386, 0.16358931564254386, 0.5790749938733653, 0.6673820407399251, 0.579074993825879, 0.32717863148260595, 0.16358931569192314]","['AKGt2r', 'ME1']","['AKO', 'CCP', 'FADOX', 'EDA', 'EDD']","['EX_lac__L_e', 'FUM', 'EX_co2_e', 'PGI', 'RPI']",ME1,FADOX,13.217062292690372,1,12,5,12.0,4.632158966860557,iIT341,True,False,2,5,Others,Respiratory chain,False,pFBAOpt_Rxns,MLE_Rxns,PSL,True
13,"['ACOATA', 'KAS14']","[0.2201399045008, 0.2201399045008]","[0.2201399045008, 0.2201399045008]",[],"['ACOATA', 'KAS14']",[],KAS15,ACOATA,0.6604197135024,1,2,0,2.0,0.4402798090016,iIT341,False,False,2,2,Fatty Acid Synthesis,Fatty Acid Synthesis,True,pFBAOpt_Rxns,ELE_Rxns,PSL,True
14,"['ACOATA', 'KAS14']","[0.22013990452962306, 0.22013990452962306]","[0.22013990452962306, 0.22013990452962306]",[],"['ACOATA', 'KAS14']",[],KAS15,KAS14,0.6604197134520932,1,2,0,2.0,0.44027980905924613,iIT341,False,False,2,2,Fatty Acid Synthesis,Fatty Acid Synthesis,True,pFBAOpt_Rxns,ELE_Rxns,PSL,True
15,"['CS', 'EX_pime_e', 'EX_pheme_e', 'EX_pi_e', 'AIRC3', 'AKO', 'ACONT', 'ACt2r', 'ADD', 'ADK1', 'ARGN', 'ARGSL', 'ARGSS', 'DHORTS', 'ASAD', 'EX_h2o_e', 'EX_h_e', 'EX_his__L_e', 'EX_hxan_e', 'EX_ile__L_e', 'EX_leu__L_e', 'EX_met__L_e', 'CBPS', 'EX_thm_e', 'EX_urea_e', 'CO2t', 'EX_val__L_e', 'FADOX', 'FBA', 'GLNS', 'FMNRx2', 'ENO', 'FORt', 'GLUR', 'FUM', 'GAPD', 'EX_ala__L_e', 'EX_arg__L_e', 'MAN6PI', 'MDH4', 'ME1', 'HSDy', 'ICDHyr', 'PGI', 'IMPC', 'PMANM', 'PGMT', 'NH4t', 'PHETA1', 'OCBT', 'PPA', 'ORPT', 'TALA', 'PGAMT', 'TKT1', 'TKT2', 'TPI', 'TYRTA', 'URIDK2r', 'RPE', 'RPI', 'SDPTA']","[3.161111349223942, 2.3510162999999994e-06, 2.3510162999999994e-06, 0.3630842958542103, 0.2059775989037007, 2.8519416228194427, 3.161111349223942, 7.54149701812448, 0.006120119942352176, 0.3813560583361566, 2.3916658038097234, 3.148002356995383, 3.148002356995383, 0.12346753935500003, 0.19887050968925044, 6.470637031838161, 4.52980827253782, 0.0352652445, 0.006120119942352176, 0.1081467498, 0.1677058294, 0.11615901335039899, 3.024534817640383, 2.3510162999999994e-06, 2.3752086897097233, 2.837375141098164, 0.15754121041421676, 2.8519416228194427, 0.4021308889395595, 2.3679916390624816, 5.4768706752832506, 1.6964021612944324, 0.015124120878582569, 0.010814674980000001, 5.558526629389962, 1.0961070146913574, 7.854577656718902, 0.8828995973356593, 0.009874268460000002, 5.503357792466889, 0.03557703442307192, 0.060317282409250425, 3.161111349223942, 0.02092404507, 0.2059775989037007, 0.009874268460000002, 0.02092404507, 12.510737885464914, 0.06896314479999999, 3.148002356995383, 2.053742979765326, 0.12346753935500003, 0.08774528330163028, 0.03479504124000002, 0.07457959202163028, 0.24879225086792922, 0.4794899047334772, 0.05133052254999999, 0.009678350434999998, 0.32337184288955956, 0.32007258334855954, 0.13855322728000002]","[3.161111349223942, 2.3510162999999994e-06, 2.3510162999999994e-06, 0.3630842958542103, 0.2059775989037007, 2.8519416228194427, 3.161111349223942, 7.54149701812448, 0.006120119942352176, 0.3813560583361566, 2.3916658038097234, 3.148002356995383, 3.148002356995383, 0.12346753935500003, 0.19887050968925044, 6.470637031838161, 4.52980827253782, 0.0352652445, 0.006120119942352176, 0.1081467498, 0.1677058294, 0.11615901335039899, 3.024534817640383, 2.3510162999999994e-06, 2.3752086897097233, 2.837375141098164, 0.15754121041421676, 2.8519416228194427, 0.4021308889395595, 2.3679916390624816, 5.4768706752832506, 1.6964021612944324, 0.015124120878582569, 0.010814674980000001, 5.558526629389962, 1.0961070146913574, 7.854577656718902, 0.8828995973356593, 0.009874268460000002, 5.503357792466889, 0.03557703442307192, 0.060317282409250425, 3.161111349223942, 0.02092404507, 0.2059775989037007, 0.009874268460000002, 0.02092404507, 12.510737885464914, 0.06896314479999999, 3.148002356995383, 2.053742979765326, 0.12346753935500003, 0.08774528330163028, 0.03479504124000002, 0.07457959202163028, 0.24879225086792922, 0.4794899047334772, 0.05133052254999999, 0.009678350434999998, 0.32337184288955956, 0.32007258334855954, 0.13855322728000002]","['FORt', 'NH4t']","['CS', 'ACONT', 'ADD', 'ARGSL', 'ARGSS', 'EX_h2o_e', 'EX_hxan_e', 'ICDHyr', 'OCBT']","['EX_pime_e', 'EX_pheme_e', 'EX_pi_e', 'AIRC3', 'AKO', 'ACt2r', 'ADK1', 'ARGN', 'DHORTS', 'ASAD', 'EX_h_e', 'EX_his__L_e', 'EX_ile__L_e', 'EX_leu__L_e', 'EX_met__L_e', 'CBPS', 'EX_thm_e', 'EX_urea_e', 'CO2t', 'EX_val__L_e', 'FADOX', 'FBA', 'GLNS', 'FMNRx2', 'ENO', 'GLUR', 'FUM', 'GAPD', 'EX_ala__L_e', 'EX_arg__L_e', 'MAN6PI', 'MDH4', 'ME1', 'HSDy', 'PGI', 'IMPC', 'PMANM', 'PGMT', 'PHETA1', 'PPA', 'ORPT', 'TALA', 'PGAMT', 'TKT1', 'TKT2', 'TPI', 'TYRTA', 'URIDK2r', 'RPE', 'RPI', 'SDPTA']",NH4t,ARGSL,236.43747781328634,1,62,51,62.0,103.42536402348199,iIT341,True,False,2,9,Transport,Urea Cycle,False,pFBAOpt_Rxns,MLE_Rxns,PSL,True
16,"['CS', 'EX_pime_e', 'EX_pheme_e', 'EX_pi_e', 'AIRC3', 'AKO', 'ACONT', 'ACt2r', 'ADD', 'ADK1', 'ARGN', 'ARGSL', 'ARGSS', 'DHORTS', 'ASAD', 'EX_h2o_e', 'EX_h_e', 'EX_his__L_e', 'EX_hxan_e', 'EX_ile__L_e', 'EX_leu__L_e', 'EX_met__L_e', 'CBPS', 'EX_thm_e', 'EX_urea_e', 'CO2t', 'EX_val__L_e', 'FADOX', 'FBA', 'GLNS', 'FMNRx2', 'ENO', 'FORt', 'GLUR', 'FUM', 'GAPD', 'EX_ala__L_e', 'EX_arg__L_e', 'MAN6PI', 'MDH4', 'ME1', 'HSDy', 'ICDHyr', 'PGI', 'IMPC', 'PMANM', 'PGMT', 'NH4t', 'PHETA1', 'OCBT', 'PPA', 'ORPT', 'TALA', 'PGAMT', 'TKT1', 'TKT2', 'TPI', 'TYRTA', 'URIDK2r', 'RPE', 'RPI', 'SDPTA']","[3.1611113491463323, 2.3510162999999994e-06, 2.3510162999999994e-06, 0.36308429558257427, 0.2059775989037007, 2.851941622741833, 3.1611113491463323, 7.541497017775234, 0.006120119942352176, 0.3813560584137665, 2.3916658038873333, 3.148002357072993, 3.148002357072993, 0.12346753935500003, 0.19887050968925044, 6.470637031838161, 4.529808271955744, 0.0352652445, 0.006120119942352176, 0.1081467498, 0.1677058294, 0.11615901335039899, 3.024534817717993, 2.3510162999999994e-06, 2.3752086897873332, 2.8373751409817487, 0.15754121041421676, 2.851941622741833, 0.4021308889395595, 2.3679916391400915, 5.476870675128031, 1.6964021612944324, 0.015124120878582569, 0.010814674980000001, 5.558526629389962, 1.0961070146913574, 7.854577656486072, 0.8828995973356595, 0.009874268460000002, 5.503357792466889, 0.03557703442307192, 0.060317282409250425, 3.1611113491463323, 0.02092404507, 0.2059775989037007, 0.009874268460000002, 0.02092404507, 12.510737885464914, 0.06896314479999999, 3.148002357072993, 2.053742979842936, 0.12346753935500003, 0.08774528330163028, 0.03479504124000002, 0.07457959202163028, 0.24879225086792922, 0.4794899047334772, 0.05133052254999999, 0.009678350434999998, 0.32337184288955956, 0.32007258334855954, 0.13855322728000002]","[3.1611113491463323, 2.3510162999999994e-06, 2.3510162999999994e-06, 0.36308429558257427, 0.2059775989037007, 2.851941622741833, 3.1611113491463323, 7.541497017775234, 0.006120119942352176, 0.3813560584137665, 2.3916658038873333, 3.148002357072993, 3.148002357072993, 0.12346753935500003, 0.19887050968925044, 6.470637031838161, 4.529808271955744, 0.0352652445, 0.006120119942352176, 0.1081467498, 0.1677058294, 0.11615901335039899, 3.024534817717993, 2.3510162999999994e-06, 2.3752086897873332, 2.8373751409817487, 0.15754121041421676, 2.851941622741833, 0.4021308889395595, 2.3679916391400915, 5.476870675128031, 1.6964021612944324, 0.015124120878582569, 0.010814674980000001, 5.558526629389962, 1.0961070146913574, 7.854577656486072, 0.8828995973356595, 0.009874268460000002, 5.503357792466889, 0.03557703442307192, 0.060317282409250425, 3.1611113491463323, 0.02092404507, 0.2059775989037007, 0.009874268460000002, 0.02092404507, 12.510737885464914, 0.06896314479999999, 3.148002357072993, 2.053742979842936, 0.12346753935500003, 0.08774528330163028, 0.03479504124000002, 0.07457959202163028, 0.24879225086792922, 0.4794899047334772, 0.05133052254999999, 0.009678350434999998, 0.32337184288955956, 0.32007258334855954, 0.13855322728000002]","['FORt', 'NH4t']","['CS', 'ACONT', 'ADD', 'ARGSL', 'ARGSS', 'EX_h2o_e', 'EX_hxan_e', 'ICDHyr', 'OCBT']","['EX_pime_e', 'EX_pheme_e', 'EX_pi_e', 'AIRC3', 'AKO', 'ACt2r', 'ADK1', 'ARGN', 'DHORTS', 'ASAD', 'EX_h_e', 'EX_his__L_e', 'EX_ile__L_e', 'EX_leu__L_e', 'EX_met__L_e', 'CBPS', 'EX_thm_e', 'EX_urea_e', 'CO2t', 'EX_val__L_e', 'FADOX', 'FBA', 'GLNS', 'FMNRx2', 'ENO', 'GLUR', 'FUM', 'GAPD', 'EX_ala__L_e', 'EX_arg__L_e', 'MAN6PI', 'MDH4', 'ME1', 'HSDy', 'PGI', 'IMPC', 'PMANM', 'PGMT', 'PHETA1', 'PPA', 'ORPT', 'TALA', 'PGAMT', 'TKT1', 'TKT2', 'TPI', 'TYRTA', 'URIDK2r', 'RPE', 'RPI', 'SDPTA']",NH4t,ARGSS,236.43747781328634,1,62,51,62.0,103.425364022085,iIT341,True,False,2,9,Transport,Urea Cycle,False,pFBAOpt_Rxns,MLE_Rxns,PSL,True
17,"['CS', 'EX_pime_e', 'EX_pheme_e', 'EX_pi_e', 'AIRC3', 'AKO', 'ACONT', 'ACt2r', 'ADD', 'ADK1', 'ARGN', 'ARGSL', 'ARGSS', 'DHORTS', 'ASAD', 'EX_h2o_e', 'EX_h_e', 'EX_his__L_e', 'EX_hxan_e', 'EX_ile__L_e', 'EX_leu__L_e', 'EX_met__L_e', 'CBPS', 'EX_thm_e', 'EX_urea_e', 'CO2t', 'EX_val__L_e', 'FADOX', 'FBA', 'GLNS', 'FMNRx2', 'ENO', 'FORt', 'GLUR', 'FUM', 'GAPD', 'EX_ala__L_e', 'EX_arg__L_e', 'MAN6PI', 'MDH4', 'ME1', 'HSDy', 'ICDHyr', 'PGI', 'IMPC', 'PMANM', 'PGMT', 'NH4t', 'PHETA1', 'OCBT', 'PPA', 'ORPT', 'TALA', 'PGAMT', 'TKT1', 'TKT2', 'TPI', 'TYRTA', 'URIDK2r', 'RPE', 'RPI', 'SDPTA']","[3.1611113491463323, 2.3510162999999994e-06, 2.3510162999999994e-06, 0.36308429558257427, 0.2059775989037007, 2.851941622741833, 3.1611113491463323, 7.541497017775234, 0.006120119942352176, 0.3813560584137665, 2.3916658038873333, 3.148002357072993, 3.148002357072993, 0.12346753935500003, 0.19887050968925044, 6.470637031838161, 4.529808271955744, 0.0352652445, 0.006120119942352176, 0.1081467498, 0.1677058294, 0.11615901335039899, 3.024534817717993, 2.3510162999999994e-06, 2.3752086897873332, 2.8373751409817487, 0.15754121041421676, 2.851941622741833, 0.4021308889395595, 2.3679916391400915, 5.476870675128031, 1.6964021612944324, 0.015124120878582569, 0.010814674980000001, 5.558526629389962, 1.0961070146913574, 7.854577656486072, 0.8828995973356595, 0.009874268460000002, 5.503357792466889, 0.03557703442307192, 0.060317282409250425, 3.1611113491463323, 0.02092404507, 0.2059775989037007, 0.009874268460000002, 0.02092404507, 12.510737885464914, 0.06896314479999999, 3.148002357072993, 2.053742979842936, 0.12346753935500003, 0.08774528330163028, 0.03479504124000002, 0.07457959202163028, 0.24879225086792922, 0.4794899047334772, 0.05133052254999999, 0.009678350434999998, 0.32337184288955956, 0.32007258334855954, 0.13855322728000002]","[3.1611113491463323, 2.3510162999999994e-06, 2.3510162999999994e-06, 0.36308429558257427, 0.2059775989037007, 2.851941622741833, 3.1611113491463323, 7.541497017775234, 0.006120119942352176, 0.3813560584137665, 2.3916658038873333, 3.148002357072993, 3.148002357072993, 0.12346753935500003, 0.19887050968925044, 6.470637031838161, 4.529808271955744, 0.0352652445, 0.006120119942352176, 0.1081467498, 0.1677058294, 0.11615901335039899, 3.024534817717993, 2.3510162999999994e-06, 2.3752086897873332, 2.8373751409817487, 0.15754121041421676, 2.851941622741833, 0.4021308889395595, 2.3679916391400915, 5.476870675128031, 1.6964021612944324, 0.015124120878582569, 0.010814674980000001, 5.558526629389962, 1.0961070146913574, 7.854577656486072, 0.8828995973356595, 0.009874268460000002, 5.503357792466889, 0.03557703442307192, 0.060317282409250425, 3.1611113491463323, 0.02092404507, 0.2059775989037007, 0.009874268460000002, 0.02092404507, 12.510737885464914, 0.06896314479999999, 3.148002357072993, 2.053742979842936, 0.12346753935500003, 0.08774528330163028, 0.03479504124000002, 0.07457959202163028, 0.24879225086792922, 0.4794899047334772, 0.05133052254999999, 0.009678350434999998, 0.32337184288955956, 0.32007258334855954, 0.13855322728000002]","['FORt', 'NH4t']","['CS', 'ACONT', 'ADD', 'ARGSL', 'ARGSS', 'EX_h2o_e', 'EX_hxan_e', 'ICDHyr', 'OCBT']","['EX_pime_e', 'EX_pheme_e', 'EX_pi_e', 'AIRC3', 'AKO', 'ACt2r', 'ADK1', 'ARGN', 'DHORTS', 'ASAD', 'EX_h_e', 'EX_his__L_e', 'EX_ile__L_e', 'EX_leu__L_e', 'EX_met__L_e', 'CBPS', 'EX_thm_e', 'EX_urea_e', 'CO2t', 'EX_val__L_e', 'FADOX', 'FBA', 'GLNS', 'FMNRx2', 'ENO', 'GLUR', 'FUM', 'GAPD', 'EX_ala__L_e', 'EX_arg__L_e', 'MAN6PI', 'MDH4', 'ME1', 'HSDy', 'PGI', 'IMPC', 'PMANM', 'PGMT', 'PHETA1', 'PPA', 'ORPT', 'TALA', 'PGAMT', 'TKT1', 'TKT2', 'TPI', 'TYRTA', 'URIDK2r', 'RPE', 'RPI', 'SDPTA']",NH4t,OCBT,236.43747781328634,1,62,51,62.0,103.425364022085,iIT341,True,False,2,9,Transport,Urea Cycle,False,pFBAOpt_Rxns,MLE_Rxns,PSL,True
18,"['CS', 'EX_pime_e', 'EX_pheme_e', 'EX_pi_e', 'AIRC3', 'AKO', 'ACONT', 'ACt2r', 'ADD', 'ADK1', 'ARGN', 'ARGSL', 'ARGSS', 'DHORTS', 'ASAD', 'EX_h2o_e', 'EX_h_e', 'EX_his__L_e', 'EX_hxan_e', 'EX_ile__L_e', 'EX_leu__L_e', 'EX_met__L_e', 'CBPS', 'EX_thm_e', 'EX_urea_e', 'CO2t', 'EX_val__L_e', 'FADOX', 'FBA', 'GLNS', 'FMNRx2', 'ENO', 'FORt', 'GLUR', 'FUM', 'GAPD', 'EX_ala__L_e', 'EX_arg__L_e', 'MAN6PI', 'MDH4', 'ME1', 'HSDy', 'ICDHyr', 'PGI', 'IMPC', 'PMANM', 'PGMT', 'NH4t', 'PHETA1', 'OCBT', 'PPA', 'ORPT', 'TALA', 'PGAMT', 'TKT1', 'TKT2', 'TPI', 'TYRTA', 'URIDK2r', 'RPE', 'RPI', 'SDPTA']","[2.7588295882097293, 2.3510162999999994e-06, 2.3510162999999994e-06, 0.36308429575766443, 0.20597759891953293, 2.9130974742081817, 2.7588295882097293, 7.493245765968729, 0.006120119942352176, 0.3813560582659994, 2.855103416290286, 3.148002357072993, 3.148002357072993, 0.12346753935500003, 0.19887050968925044, 6.042546072982115, 5.68503515851805, 0.0352652445, 0.006120119942352176, 0.1081467498, 0.1677058294, 0.11615901335039899, 3.024534817717993, 2.3510162999999994e-06, 3.2151188652729927, 3.4455665103159845, 0.15754121041421676, 2.9130974742081817, 0.4021308889606693, 2.367991639108427, 5.830901184224476, 1.6964021613788711, 0.015124120862750334, 0.010814674980000001, 5.619682480824646, 1.0961070147599639, 8.672045778250322, 0.4194619849327069, 0.009874268460000002, 5.1010760314827905, 0.49901464684185504, 0.060317282409250425, 2.7588295882097293, 0.02092404507, 0.20597759891953293, 0.009874268460000002, 0.02092404507, 13.15427590847552, 0.06896314479999999, 3.148002357072993, 2.053742979779607, 0.12346753935500003, 0.08774528331218515, 0.03479504124000002, 0.07457959203218514, 0.24879225087848406, 0.47948990477041964, 0.05133052254999999, 0.009678350434999998, 0.3233718429106692, 0.3200725833696692, 0.13855322728000002]","[2.7588295882097293, 2.3510162999999994e-06, 2.3510162999999994e-06, 0.36308429575766443, 0.20597759891953293, 2.9130974742081817, 2.7588295882097293, 7.493245765968729, 0.006120119942352176, 0.3813560582659994, 2.855103416290286, 3.148002357072993, 3.148002357072993, 0.12346753935500003, 0.19887050968925044, 6.042546072982115, 5.68503515851805, 0.0352652445, 0.006120119942352176, 0.1081467498, 0.1677058294, 0.11615901335039899, 3.024534817717993, 2.3510162999999994e-06, 3.2151188652729927, 3.4455665103159845, 0.15754121041421676, 2.9130974742081817, 0.4021308889606693, 2.367991639108427, 5.830901184224476, 1.6964021613788711, 0.015124120862750334, 0.010814674980000001, 5.619682480824646, 1.0961070147599639, 8.672045778250322, 0.4194619849327069, 0.009874268460000002, 5.1010760314827905, 0.49901464684185504, 0.060317282409250425, 2.7588295882097293, 0.02092404507, 0.20597759891953293, 0.009874268460000002, 0.02092404507, 13.15427590847552, 0.06896314479999999, 3.148002357072993, 2.053742979779607, 0.12346753935500003, 0.08774528331218515, 0.03479504124000002, 0.07457959203218514, 0.24879225087848406, 0.47948990477041964, 0.05133052254999999, 0.009678350434999998, 0.3233718429106692, 0.3200725833696692, 0.13855322728000002]","['FORt', 'NH4t']","['AKO', 'ADD', 'ARGSL', 'ARGSS', 'EX_h2o_e', 'EX_hxan_e', 'EX_urea_e', 'FADOX', 'OCBT']","['CS', 'EX_pime_e', 'EX_pheme_e', 'EX_pi_e', 'AIRC3', 'ACONT', 'ACt2r', 'ADK1', 'ARGN', 'DHORTS', 'ASAD', 'EX_h_e', 'EX_his__L_e', 'EX_ile__L_e', 'EX_leu__L_e', 'EX_met__L_e', 'CBPS', 'EX_thm_e', 'CO2t', 'EX_val__L_e', 'FBA', 'GLNS', 'FMNRx2', 'ENO', 'GLUR', 'FUM', 'GAPD', 'EX_ala__L_e', 'EX_arg__L_e', 'MAN6PI', 'MDH4', 'ME1', 'HSDy', 'ICDHyr', 'PGI', 'IMPC', 'PMANM', 'PGMT', 'PHETA1', 'PPA', 'ORPT', 'TALA', 'PGAMT', 'TKT1', 'TKT2', 'TPI', 'TYRTA', 'URIDK2r', 'RPE', 'RPI', 'SDPTA']",NH4t,UREAt,240.5949479067844,1,62,51,62.0,106.40516501990135,iIT341,True,False,2,9,Transport,Transport,True,pFBAOpt_Rxns,MLE_Rxns,RSL,False
19,"['FRD5', 'G6PDH2r', 'GND', 'NADPHQR', 'PGL', 'TALA', 'TKT1', 'TKT2', 'RPE']","[0.4178991286599758, 0.8357982585513632, 1.2536973879536384, 1.253697387746378, 0.8357982585513632, 0.41789912923953343, 0.4178991292389055, 0.4178991293087017, 0.8357982585476073]","[0.4178991286599758, 0.8357982585513632, 1.2536973879536384, 1.253697387746378, 0.8357982585513632, 0.41789912923953343, 0.4178991292389055, 0.4178991293087017, 0.8357982585476073]",['TKT2'],"['G6PDH2r', 'GND', 'NADPHQR']","['FRD5', 'PGL', 'TALA', 'TKT1', 'RPE']",TKT2,GND,12.536973878877896,1,9,5,9.0,6.686386067797466,iIT341,True,False,1,3,Pentose-Phosphate-Pathway,Pentose-Phosphate-Pathway,True,pFBAOpt_Rxns,MLE_Rxns,PSL,True
20,"['DAAD', 'ADSK', 'DCTPD', 'ACS', 'ADD', 'ARGSL', 'ARGSS', 'ASNN', 'EX_hxan_e', 'ASPT', 'EX_lys__L_e', 'EX_mal__L_e', 'BPNT', 'EX_pro__L_e', 'CDAPPA_HP', 'EX_thr__L_e', 'FBP', 'FORt', 'FRD5', 'G6PDH1', 'G6PDH2r', 'GMPR', 'GND', 'NADPHQR', 'PGK', 'PGL', 'OCBT', 'P5CR', 'SULR', 'PAPSR', 'SULabc', 'TALA', 'TKT1', 'TKT2', 'RPE', 'SADT2', 'SERt2r']","[0.003908144424345006, 0.0004338876445248598, 0.00017390831881284458, 0.00037637464801931937, 0.0013659673240717096, 0.0010797635379912185, 0.0010797635379912185, 0.001567913582997682, 0.003272180514649836, 0.35471097756139314, 0.0024210228949693713, 0.001073295046912337, 0.00043429156901829413, 0.03546444152016193, 0.0010879197405153623, 0.0016500749934604542, 0.4065252456158649, 0.003863441806044173, 0.412470239713573, 0.8391940317692506, 0.40146159603739306, 0.0019062131905781265, 1.2406556278066436, 0.8532875451410935, 0.39439940072722357, 1.2406556278066436, 0.0010797635379912185, 0.03402661678942065, 0.0004338876445248598, 0.0004338876445248598, 0.0004338876445248598, 0.41508510110323676, 0.414855049153941, 0.41789912941158636, 0.8327541785655274, 0.0004338876445248598, 0.005501224433618723]","[0.003908144424345006, 0.0004338876445248598, 0.00017390831881284458, 0.00037637464801931937, 0.0013659673240717096, 0.0010797635379912185, 0.0010797635379912185, 0.001567913582997682, 0.003272180514649836, 0.35471097756139314, 0.0024210228949693713, 0.001073295046912337, 0.00043429156901829413, 0.03546444152016193, 0.0010879197405153623, 0.0016500749934604542, 0.4065252456158649, 0.003863441806044173, 0.412470239713573, 0.8391940317692506, 0.40146159603739306, 0.0019062131905781265, 1.2406556278066436, 0.8532875451410935, 0.39439940072722357, 1.2406556278066436, 0.0010797635379912185, 0.03402661678942065, 0.0004338876445248598, 0.0004338876445248598, 0.0004338876445248598, 0.41508510110323676, 0.414855049153941, 0.41789912941158636, 0.8327541785655274, 0.0004338876445248598, 0.005501224433618723]","['TKT2', 'SERt2r']","['DAAD', 'ADSK', 'DCTPD', 'ACS', 'ARGSL', 'ARGSS', 'ASNN', 'EX_hxan_e', 'ASPT', 'EX_lys__L_e', 'EX_mal__L_e', 'BPNT', 'EX_pro__L_e', 'CDAPPA_HP', 'EX_thr__L_e', 'G6PDH1', 'G6PDH2r', 'GMPR', 'GND', 'NADPHQR', 'PGL', 'OCBT', 'SULR', 'PAPSR', 'SULabc', 'SADT2']","['ADD', 'FBP', 'FORt', 'FRD5', 'PGK', 'P5CR', 'TALA', 'TKT1', 'RPE']",TKT2,PGL,16.309110223780955,1,37,9,37.0,8.327455510047564,iIT341,True,False,2,26,Pentose-Phosphate-Pathway,Pentose-Phosphate-Pathway,True,pFBAOpt_Rxns,MLE_Rxns,PSL,True
21,"['TRPS2', 'TRPS3']","[0.035541255599999995, 0.035541255599999995]","[0.035541255599999995, 0.035541255599999995]",[],"['TRPS2', 'TRPS3']",[],TRPS1,TRPS2,0.10662376679999999,1,2,0,2.0,0.07108251119999999,iIT341,False,False,2,2,Tryptophan Biosynthesis,Tryptophan Biosynthesis,True,pFBAOpt_Rxns,ELE_Rxns,PSL,True
22,"['TRPS2', 'TRPS3']","[0.035541255599999995, 0.035541255599999995]","[0.035541255599999995, 0.035541255599999995]",[],"['TRPS2', 'TRPS3']",[],TRPS1,TRPS3,0.10662376679999999,1,2,0,2.0,0.07108251119999999,iIT341,False,False,2,2,Tryptophan Biosynthesis,Tryptophan Biosynthesis,True,pFBAOpt_Rxns,ELE_Rxns,PSL,True
23,"['AKO', 'EX_for_e', 'EX_h2o_e', 'EX_h_e', 'ASPT', 'EX_urea_e', 'FADOX', 'GLUN', 'EX_acald_e', 'HXPRT', 'HYXNt', 'PYRDC', 'SERD_L']","[0.002457173206834057, 0.012285866177983606, 0.08477247646078467, 0.2948607874568552, 0.009828692958515295, 0.16585919279999997, 0.0024571732035439386, 0.024571732355970044, 0.009828692941610984, 0.012285866177984883, 0.012285866170334003, 0.009828692941610984, 0.012285866177984758]","[0.002457173206834057, 0.012285866177983606, 0.08477247646078467, 0.2948607874568552, 0.009828692958515295, 0.16585919279999997, 0.0024571732035439386, 0.024571732355970044, 0.009828692941610984, 0.012285866177984883, 0.012285866170334003, 0.009828692941610984, 0.012285866177984758]",['HYXNt'],"['AKO', 'EX_h2o_e', 'ASPT', 'EX_urea_e', 'FADOX', 'GLUN', 'EX_acald_e', 'HXPRT', 'PYRDC', 'SERD_L']","['EX_for_e', 'EX_h_e']",UREA,UREAt,2.2249703555255085,1,13,2,13.0,0.6536080790300125,iIT341,False,False,10,10,Urea Cycle,Transport,False,pFBAOpt_Rxns,MLE_Rxns,RSL,False
24,"['DUTPDP', 'NDPK6', 'URIDK2r']","[0.01625683357823772, 0.0162568335764255, 0.016256833579999998]","[0.01625683357823772, 0.0162568335764255, 0.016256833579999998]",['URIDK2r'],"['DUTPDP', 'NDPK6']",[],URIDK2r,DUTPDP,0.097541001257868,1,3,0,3.0,0.04877050073466322,iIT341,True,False,1,2,dTTP Biosynthesis,dTTP Biosynthesis,True,pFBAOpt_Rxns,MLE_Rxns,PSL,True
25,"['DCTPD', 'NDPK2', 'NDPK7', 'RNDR3']","[0.016256833579999998, 0.01625683358000002, 0.01625683358, 0.01625683358]","[0.016256833579999998, 0.01625683358000002, 0.01625683358, 0.01625683358]",[],['DCTPD'],"['NDPK2', 'NDPK7', 'RNDR3']",RNDR4,DCTPD,0.13005466863999995,1,4,3,4.0,0.06502733432000002,iIT341,False,False,1,1,dUTP Biosynthesis,Nucleotide Interconversion,False,pFBAOpt_Rxns,MLE_Rxns,PSL,True
26,"['FRD5', 'G6PDH2r', 'GND', 'NADPHQR', 'PGL', 'TALA', 'TKT1', 'TKT2', 'RPE']","[0.27158565264548895, 0.5431713048438036, 0.8147569578157993, 0.8147569579592293, 0.5431713048438036, 0.27158565260527023, 0.2715856526054297, 0.2715856525310183, 0.543171305136448]","[0.27158565264548895, 0.5431713048438036, 0.8147569578157993, 0.8147569579592293, 0.5431713048438036, 0.27158565260527023, 0.2715856526054297, 0.2715856525310183, 0.543171305136448]",['RPE'],"['G6PDH2r', 'GND', 'NADPHQR']","['FRD5', 'PGL', 'TALA', 'TKT1', 'TKT2']",RPE,GND,8.147569573521212,1,9,5,9.0,4.34537044098629,iIT341,True,False,1,3,Pentose-Phosphate-Pathway,Pentose-Phosphate-Pathway,True,pFBAOpt_Rxns,MLE_Rxns,PSL,True
27,"['DAAD', 'ADSK', 'DCTPD', 'ACS', 'ADD', 'ARGSL', 'ARGSS', 'ASNN', 'EX_hxan_e', 'ASPT', 'EX_lys__L_e', 'EX_mal__L_e', 'BPNT', 'EX_pro__L_e', 'CDAPPA_HP', 'EX_thr__L_e', 'FBP', 'FORt', 'FRD5', 'G6PDH1', 'G6PDH2r', 'GMPR', 'GND', 'NADPHQR', 'PGK', 'PGL', 'OCBT', 'P5CR', 'SULR', 'PAPSR', 'SULabc', 'TALA', 'TKT1', 'TKT2', 'PROD2', 'RPE', 'SADT2', 'SERt2r']","[0.0025491094534056957, 0.0002830325226731136, 0.00011343269116417809, 0.0002455193400356357, 0.0008909592461707194, 0.0007041495337034576, 0.0007041495337034576, 0.001022680562070749, 0.002134297653533679, 0.23136281716828946, 0.0015791393658947939, 0.0006998435256999613, 0.0002832959722831372, 0.02313247451093048, 0.0007098161938223818, 0.00107627080986486, 0.2651596924801466, 0.0025199519285270897, 0.26903742261838304, 0.5473714125903513, 0.261857221540712, 0.0012433384073629594, 0.8092286341310633, 0.2900764981062227, 0.2572502750836754, 0.8092286341310633, 0.0007041495337034576, 0.28868297176309543, 0.0002830325226731136, 0.0002830325226731136, 0.0002830325226731136, 0.2707429324560584, 0.2705928797622349, 0.2725784252381306, 0.2664883265751755, 0.5431713050003655, 0.0002830325226731136, 0.0035883216932494633]","[0.0025491094534056957, 0.0002830325226731136, 0.00011343269116417809, 0.0002455193400356357, 0.0008909592461707194, 0.0007041495337034576, 0.0007041495337034576, 0.001022680562070749, 0.002134297653533679, 0.23136281716828946, 0.0015791393658947939, 0.0006998435256999613, 0.0002832959722831372, 0.02313247451093048, 0.0007098161938223818, 0.00107627080986486, 0.2651596924801466, 0.0025199519285270897, 0.26903742261838304, 0.5473714125903513, 0.261857221540712, 0.0012433384073629594, 0.8092286341310633, 0.2900764981062227, 0.2572502750836754, 0.8092286341310633, 0.0007041495337034576, 0.28868297176309543, 0.0002830325226731136, 0.0002830325226731136, 0.0002830325226731136, 0.2707429324560584, 0.2705928797622349, 0.2725784252381306, 0.2664883265751755, 0.5431713050003655, 0.0002830325226731136, 0.0035883216932494633]","['RPE', 'SERt2r']","['DAAD', 'ADSK', 'DCTPD', 'ACS', 'ARGSL', 'ARGSS', 'ASNN', 'EX_hxan_e', 'ASPT', 'EX_lys__L_e', 'EX_mal__L_e', 'EX_pro__L_e', 'CDAPPA_HP', 'EX_thr__L_e', 'G6PDH1', 'G6PDH2r', 'GMPR', 'GND', 'NADPHQR', 'PGL', 'OCBT', 'SULR', 'PAPSR', 'SULabc', 'PROD2', 'SADT2']","['ADD', 'BPNT', 'FBP', 'FORt', 'FRD5', 'PGK', 'P5CR', 'TALA', 'TKT1', 'TKT2']",RPE,PGL,10.637761927543854,1,38,10,38.0,5.698145511213459,iIT341,True,False,2,26,Pentose-Phosphate-Pathway,Pentose-Phosphate-Pathway,True,pFBAOpt_Rxns,MLE_Rxns,PSL,True
28,['DALAt2r'],[0.03353296775999999],[0.03353296775999999],[],['DALAt2r'],[],ALAR,DALAt2r,0.1676648387999999,1,1,0,1.0,0.03353296775999999,iIT341,False,False,1,1,Alanine Metabolism,Transport,False,pFBAOpt_Rxns,pFBAOpt_Rxns,RSL,False
29,"['DAAD', 'EX_pime_e', 'EX_pheme_e', 'EX_pi_e', 'AHSERL2', 'AIRC3', 'AKGt2r', 'EX_fum_e', 'DHORTS', 'ASAD', 'EX_h_e', 'EX_his__L_e', 'EX_ile__L_e', 'ASPT', 'EX_leu__L_e', 'EX_met__L_e', 'EX_thm_e', 'EX_urea_e', 'EX_val__L_e', 'FBA', 'ENO', 'FORt', 'GLUR', 'FRD5', 'FUMt3', 'EX_ac_e', 'GAPD', 'L_LACt2r', 'LacR', 'EX_arg__L_e', 'H2Ot', 'MAN6PI', 'HSDy', 'HSERTA', 'PGI', 'NADPHQR', 'IMPC', 'PMANM', 'PGMT', 'LDH_D1', 'NO3t2', 'NO3t3', 'PHETA1', 'ORPT', 'SUCCt2r', 'PDH2', 'TALA', 'PGAMT', 'TKT1', 'TKT2', 'TPI', 'TYRTA', 'PROD2', 'PTAr', 'URIDK2r', 'PYRt2', 'RPE', 'RPI', 'SDPTA']","[0.0199227425999986, 2.1655154999999997e-06, 2.1655154999999997e-06, 0.33443607841367856, 0.031423434501250166, 0.19536362742406965, 4.98920476151748, 5.029651233930812, 0.11372565567500001, 0.1831791515487498, 7.532600812613964, 0.0324827325, 0.09961371300000002, 0.7534561540781072, 0.154473439, 0.10699471446659997, 2.1655154999999997e-06, 0.038834989199999996, 0.14511083273575018, 0.37040272655155826, 1.5682003049872835, 0.00829263869268005, 0.009961371299999999, 0.12769780128717084, 5.029651233930812, 11.603566703241562, 1.0096317259529635, 2.620502566568252, 2.620502566568252, 0.8261432952406957, 3.907877033129683, 0.0090951651, 0.05555810474874982, 0.031423434501250166, 0.019273087949999997, 24.033125032834903, 0.19536362742406965, 0.0090951651, 0.019273087949999997, 2.620502566568252, 51.738426680851035, 51.738426680851035, 0.063521788, 0.11372565567500001, 0.09563903061282775, 5.797442886448426, 0.08082197109672923, 0.032049629399999995, 0.06869508429672924, 0.22916287300482907, 0.44165793143177623, 0.047280421749999996, 0.07579304249999999, 11.606598424941561, 0.008914705475, 0.9278885142228768, 0.29785795730155834, 0.29481901721655834, 0.1276210468]","[0.0199227425999986, 2.1655154999999997e-06, 2.1655154999999997e-06, 0.33443607841367856, 0.031423434501250166, 0.19536362742406965, 4.98920476151748, 5.029651233930812, 0.11372565567500001, 0.1831791515487498, 7.532600812613964, 0.0324827325, 0.09961371300000002, 0.7534561540781072, 0.154473439, 0.10699471446659997, 2.1655154999999997e-06, 0.038834989199999996, 0.14511083273575018, 0.37040272655155826, 1.5682003049872835, 0.00829263869268005, 0.009961371299999999, 0.12769780128717084, 5.029651233930812, 11.603566703241562, 1.0096317259529635, 2.620502566568252, 2.620502566568252, 0.8261432952406957, 3.907877033129683, 0.0090951651, 0.05555810474874982, 0.031423434501250166, 0.019273087949999997, 24.033125032834903, 0.19536362742406965, 0.0090951651, 0.019273087949999997, 2.620502566568252, 51.738426680851035, 51.738426680851035, 0.063521788, 0.11372565567500001, 0.09563903061282775, 5.797442886448426, 0.08082197109672923, 0.032049629399999995, 0.06869508429672924, 0.22916287300482907, 0.44165793143177623, 0.047280421749999996, 0.07579304249999999, 11.606598424941561, 0.008914705475, 0.9278885142228768, 0.29785795730155834, 0.29481901721655834, 0.1276210468]","['AKGt2r', 'H2Ot', 'PYRt2']","['DAAD', 'AHSERL2', 'EX_fum_e', 'ASPT', 'EX_urea_e', 'FUMt3', 'NADPHQR', 'NO3t2', 'NO3t3', 'PROD2', 'PTAr']","['EX_pime_e', 'EX_pheme_e', 'EX_pi_e', 'AIRC3', 'DHORTS', 'ASAD', 'EX_h_e', 'EX_his__L_e', 'EX_ile__L_e', 'EX_leu__L_e', 'EX_met__L_e', 'EX_thm_e', 'EX_val__L_e', 'FBA', 'ENO', 'FORt', 'GLUR', 'FRD5', 'EX_ac_e', 'GAPD', 'L_LACt2r', 'LacR', 'EX_arg__L_e', 'MAN6PI', 'HSDy', 'HSERTA', 'PGI', 'IMPC', 'PMANM', 'PGMT', 'LDH_D1', 'PHETA1', 'ORPT', 'SUCCt2r', 'PDH2', 'TALA', 'PGAMT', 'TKT1', 'TKT2', 'TPI', 'TYRTA', 'URIDK2r', 'RPE', 'RPI', 'SDPTA']",ATPS4r,ACKr,354.8040278486973,1,59,45,59.0,200.241963151256,iIT341,False,False,11,11,Respiratory chain,Others,False,pFBAOpt_Rxns,pFBAOpt_Rxns,RSL,False
30,"['DAAD', 'EX_pime_e', 'EX_pheme_e', 'EX_pi_e', 'AHSERL2', 'AIRC3', 'AKGt2r', 'EX_fum_e', 'DHORTS', 'ASAD', 'EX_h_e', 'EX_his__L_e', 'EX_ile__L_e', 'ASPT', 'EX_leu__L_e', 'EX_met__L_e', 'EX_thm_e', 'EX_urea_e', 'EX_val__L_e', 'FBA', 'ENO', 'FORt', 'GLUR', 'FRD5', 'FUMt3', 'EX_ac_e', 'GAPD', 'L_LACt2r', 'LacR', 'EX_arg__L_e', 'H2Ot', 'MAN6PI', 'HSDy', 'PGI', 'NADPHQR', 'IMPC', 'PMANM', 'PGMT', 'LDH_D1', 'NO3t2', 'NO3t3', 'PHETA1', 'ORPT', 'SUCCt2r', 'PDH2', 'TALA', 'PGAMT', 'TKT1', 'TKT2', 'TPI', 'TYRTA', 'PROD2', 'URIDK2r', 'PYRt2', 'RPE', 'RPI', 'SDPTA']","[0.01991917667999843, 2.1651279000000002e-06, 2.1651279000000002e-06, 0.3343762183448109, 0.03141781015168463, 0.19532865986862047, 4.991506360259522, 5.033286735690958, 0.11370530021500003, 0.18314636473831536, 7.534464561613277, 0.03247691849999999, 0.09959588340000003, 0.7533212950668947, 0.1544457902, 0.10697556392579999, 2.1651279000000002e-06, 0.038834989199999996, 0.14508485977378466, 0.37033642926840593, 1.5679196187668736, 0.008291154292094892, 0.00995958834, 0.12634075640306397, 5.033286735690958, 11.607892924454063, 1.0094510163503685, 2.6218835125081803, 2.6218835125081803, 0.8259919506027269, 3.9071914825988308, 0.00909353718, 0.055548160498315347, 0.019269638309999997, 24.03328115839429, 0.19532865986862047, 0.00909353718, 0.019269638309999997, 2.6218835125081803, 51.73298586220706, 51.73298586220706, 0.06351041839999999, 0.11370530021500003, 0.09695610091950224, 5.799610251662671, 0.08080750496895293, 0.03204389292, 0.06868278872895295, 0.229121855889453, 0.44157888036851056, 0.04727195915, 0.0757794765, 0.008913109855, 0.929080960349747, 0.29780464461840594, 0.2947662484654059, 0.12759820424]","[0.01991917667999843, 2.1651279000000002e-06, 2.1651279000000002e-06, 0.3343762183448109, 0.03141781015168463, 0.19532865986862047, 4.991506360259522, 5.033286735690958, 0.11370530021500003, 0.18314636473831536, 7.534464561613277, 0.03247691849999999, 0.09959588340000003, 0.7533212950668947, 0.1544457902, 0.10697556392579999, 2.1651279000000002e-06, 0.038834989199999996, 0.14508485977378466, 0.37033642926840593, 1.5679196187668736, 0.008291154292094892, 0.00995958834, 0.12634075640306397, 5.033286735690958, 11.607892924454063, 1.0094510163503685, 2.6218835125081803, 2.6218835125081803, 0.8259919506027269, 3.9071914825988308, 0.00909353718, 0.055548160498315347, 0.019269638309999997, 24.03328115839429, 0.19532865986862047, 0.00909353718, 0.019269638309999997, 2.6218835125081803, 51.73298586220706, 51.73298586220706, 0.06351041839999999, 0.11370530021500003, 0.09695610091950224, 5.799610251662671, 0.08080750496895293, 0.03204389292, 0.06868278872895295, 0.229121855889453, 0.44157888036851056, 0.04727195915, 0.0757794765, 0.008913109855, 0.929080960349747, 0.29780464461840594, 0.2947662484654059, 0.12759820424]","['AKGt2r', 'H2Ot', 'PYRt2']","['DAAD', 'AHSERL2', 'EX_fum_e', 'ASPT', 'EX_urea_e', 'FUMt3', 'EX_ac_e', 'NADPHQR', 'NO3t2', 'NO3t3', 'PROD2']","['EX_pime_e', 'EX_pheme_e', 'EX_pi_e', 'AIRC3', 'DHORTS', 'ASAD', 'EX_h_e', 'EX_his__L_e', 'EX_ile__L_e', 'EX_leu__L_e', 'EX_met__L_e', 'EX_thm_e', 'EX_val__L_e', 'FBA', 'ENO', 'FORt', 'GLUR', 'FRD5', 'GAPD', 'L_LACt2r', 'LacR', 'EX_arg__L_e', 'MAN6PI', 'HSDy', 'PGI', 'IMPC', 'PMANM', 'PGMT', 'LDH_D1', 'PHETA1', 'ORPT', 'SUCCt2r', 'PDH2', 'TALA', 'PGAMT', 'TKT1', 'TKT2', 'TPI', 'TYRTA', 'URIDK2r', 'RPE', 'RPI', 'SDPTA']",ATPS4r,ACt2r,354.8416242032,1,57,43,57.0,188.61429282871123,iIT341,False,False,11,11,Respiratory chain,Transport,False,pFBAOpt_Rxns,pFBAOpt_Rxns,RSL,False
31,"['GARFT', 'FTHFLi']","[0.3562629131895132, 0.35626291313040076]","[0.3562629131895132, 0.35626291313040076]",[],"['GARFT', 'FTHFLi']",[],GART,GARFT,1.0687887404574248,1,2,0,2.0,0.7125258263199139,iIT341,False,False,2,2,IMP Synthesis,IMP Synthesis,True,pFBAOpt_Rxns,pFBAOpt_Rxns,PSL,True
32,"['G3PD1ir', 'G3PD2', 'G6PDH1']","[0.10960080167969999, 0.10960080164040673, 0.1096008018083734]","[0.10960080167969999, 0.10960080164040673, 0.1096008018083734]",['G3PD2'],"['G3PD1ir', 'G6PDH1']",[],G3PD2,G3PD1ir,0.4384032067187998,1,3,0,3.0,0.32880240512848014,iIT341,True,False,1,2,Glycerolipid Synthesis,Glycerolipid Synthesis,True,pFBAOpt_Rxns,pFBAOpt_Rxns,RSL,False
33,"['EX_h2co3_e', 'EX_lac__L_e', 'EDA', 'EDD', 'FUM', 'EX_ala__L_e', 'ME1', 'PGI', 'SUCCt2r', 'RPI']","[0.13471543928608298, 0.4041463284732236, 0.1347154428108347, 0.1347154428108347, 0.8082926576247088, 0.5388617721619084, 0.8082926578332044, 0.26943088572391444, 0.8082926580682397, 0.13471544284361958]","[0.13471543928608298, 0.4041463284732236, 0.1347154428108347, 0.1347154428108347, 0.8082926576247088, 0.5388617721619084, 0.8082926578332044, 0.26943088572391444, 0.8082926580682397, 0.13471544284361958]","['ME1', 'SUCCt2r']","['EDA', 'EDD']","['EX_h2co3_e', 'EX_lac__L_e', 'FUM', 'EX_ala__L_e', 'PGI', 'RPI']",ME1,FRD5,12.663251637801341,1,10,6,10.0,4.176178727636571,iIT341,True,False,2,2,Others,TCA cycle,False,pFBAOpt_Rxns,pFBAOpt_Rxns,RSL,False
34,"['ACS', 'EX_pyr_e', 'GART', 'DUTPDP', 'FTHFD', 'FUM', 'GLUt2r', 'LYSt2r', 'EX_ala__L_e', 'EX_co2_e', 'ME1', 'PGI', 'NDPK6', 'NH4t', 'PHEt2r', 'SUCCt2r', 'SUCFUMt', 'TRPt2r', 'TYRt2r', 'PROabc', 'UREA']","[0.013270004567787819, 0.033897979783400055, 0.002559190192787497, 0.00011677987617321126, 0.002398200042180887, 1.346572169829714, 0.002730895040343073, 0.0016717961220586164, 1.2884707523044199, 1.2981071117101237, 1.3386103467839456, 0.011850147677648769, 0.00011677987617321126, 1.317402668893779, 0.0008321157168617449, 1.3427700925348032, 1.3427700924937498, 0.0002553082313098559, 0.0008557837354884468, 0.0009928654004555115, 0.00019857306879655923]","[0.013270004567787819, 0.033897979783400055, 0.002559190192787497, 0.00011677987617321126, 0.002398200042180887, 1.346572169829714, 0.002730895040343073, 0.0016717961220586164, 1.2884707523044199, 1.2981071117101237, 1.3386103467839456, 0.011850147677648769, 0.00011677987617321126, 1.317402668893779, 0.0008321157168617449, 1.3427700925348032, 1.3427700924937498, 0.0002553082313098559, 0.0008557837354884468, 0.0009928654004555115, 0.00019857306879655923]","['GLUt2r', 'LYSt2r', 'ME1', 'PHEt2r', 'SUCFUMt', 'TRPt2r', 'TYRt2r']","['ACS', 'EX_pyr_e', 'DUTPDP', 'FTHFD', 'FUM', 'NDPK6', 'PROabc', 'UREA']","['GART', 'EX_ala__L_e', 'EX_co2_e', 'PGI', 'NH4t', 'SUCCt2r']",ME1,FUM,18.107021466024396,1,21,6,21.0,9.346449653882,iIT341,True,False,7,8,Others,TCA cycle,False,pFBAOpt_Rxns,pFBAOpt_Rxns,RSL,False
35,"['CS', 'CTPS1', 'CYSS', 'CYTK1', 'ADMDC', 'ADPT', 'ADSL1r', 'ADSL2r', 'ADSS', 'DAPDC', 'DAPE', 'DASYN_HP', 'DB4PS', 'AGMHE', 'AGMT', 'AHCYSNS', 'A5PISO', 'AICART', 'AIRC2', 'AKO', 'ALAALAr', 'ACCOAC', 'ACKr', 'ACONT', 'DDPA', 'DHDPRy', 'DHDPS', 'DHFR', 'ACt2r', 'ADCL', 'DHFS', 'AMMQT6', 'ANPRT', 'ANS2', 'ADK1', 'DHNAOT2', 'DHNPA', 'APRAUR', 'DHORD3', 'ARGDC', 'ARGN', 'EX_for_e', 'ARGSL', 'ARGSS', 'DHPPDA', 'DHPS', 'ASNS2', 'DHPTDCs', 'DHQTi', 'ASP1DC', 'ASPCT', 'ASPK', 'EX_h2o_e', 'EX_h_e', 'ASPO2', 'ASPTA', 'DHQS', 'ASPt2r', 'ATPS4r', 'DKMPPD', 'DMATT', 'BIOMASS_HP_published', 'C140SN', 'C160SN', 'DMPPS', 'C180SN', 'C181SN', 'C190cSN', 'CAT', 'DM_hmfurn_c', 'CBPS', 'CDPMEK', 'DNMPPA', 'CHORM', 'CHORS', 'DNTPPA', 'CLPNS_HP', 'DPCOAK', 'DPR', 'EX_urea_e', 'CO2t', 'DTMPK', 'GARFT', 'GART', 'GCALDD', 'FBP', 'GF6PTA', 'DXPRIi', 'GFUCS', 'GHMT2r', 'GK1', 'DXPS', 'GLNS', 'FMNRx2', 'FMNAT', 'PIt2r', 'GLUPRT', 'FRDO', 'FUM', 'G1PACT', 'GLYCTO1', 'GLYK', 'GMAND', 'GMHEPAT', 'GMHEPK', 'GALUi', 'GMHEPPA', 'GMPS2', 'LPSSYN_HP', 'GRTT', 'GTPCI', 'GTPCII', 'EX_ala__D_e', 'MALS', 'EX_arg__L_e', 'MAN1PT2', 'MCOATA', 'MDH4', 'MDRPD', 'ME1', 'HISabc', 'MECDPDH', 'MECDPS', 'MEPCT', 'METAT', 'METabc', 'MOAT_HP', 'HSK', 'MOHMT', 'MTAN', 'MTHFC', 'PGCD', 'MTHFD', 'MTHFR2', 'ICDHyr', 'ICHORS', 'MTRI', 'MTRK', 'NADK', 'IGPS', 'ILEabc', 'NADS1', 'PGK', 'IMPD', 'IPDPS', 'PGM', 'NDH_1', 'NDPK1', 'NDPK2', 'KAS15', 'KAS_HP', 'NDPK3', 'KAS_HP2', 'NDPK4', 'PGPP_HP', 'NDPK5', 'KDOCT2', 'KDOPP', 'KDOPS', 'NDPK7', 'NDPK8', 'PGSA_HP', 'NH4t', 'LEUabc', 'LPADSS_HP', 'NNATr', 'NNDPR', 'SHKK', 'NPHS', 'OCBT', 'PMDPHT', 'OCTDPS', 'PNTK', 'OMPDC', 'PPA', 'OOR3r', 'PPCDC', 'SPMS', 'OXGDC2', 'SUCBZL', 'P5CR', 'PABB', 'PANTS', 'SUCBZS', 'PAPPT3', 'PASYN_HP', 'THDPS', 'PPNCL2', 'PPND', 'PPNDH', 'THRS', 'PPS', 'PPTGS', 'PRAGSr', 'TMDSf', 'PRAIS', 'TRDR', 'PRAIi', 'TRPS1', 'PRASCSi', 'PRFGS', 'U23GAAT_HP', 'U2GAAT', 'U2GAAT2', 'UAAGDS', 'UAGAAT_HP', 'UAGCVT', 'UAGDP', 'UAGDP2', 'UAGPT3', 'UAMAGS', 'UAMAS', 'UAPGR', 'UDCPDP', 'PRPPS', 'UDPG4E', 'UGMDDS', 'PSCVT', 'UHGADA_HP', 'UMPK', 'UNK2', 'PSD_HP', 'PSERT', 'PSP_L', 'PSSA_HP', 'PTPATi', 'USHD_HP', 'VALTA', 'VALabc', 'SK_ahcys_c', 'QULNS', 'RBFK', 'RBFSa', 'RBFSb', 'RFAC_HP', 'RFA_HP', 'RHCCE', 'RNDR1', 'RNDR2', 'RNDR3', 'RNDR4', 'S7PI', 'SDPDS', 'SERAT', 'SHCHCS2', 'SHK3Dr']","[3.153971208880864, 0.016991357050000006, 0.009771152586249998, 0.017845291880560485, 0.0007855977499999999, 0.010556750419123462, 0.02950371145548905, 0.06074917853798903, 0.02950371145548905, 0.036586409499999986, 0.03968390919999999, 0.016883169016999995, 2.244564999986237e-06, 0.001885434599999999, 0.004713586499999999, 0.00977115266912346, 0.0009427172999999995, 0.06074917853798903, 0.06074917853798903, 2.905957333942713, 0.003097499699999999, 0.26558860253799993, 9.204228168746619, 3.153971208880864, 0.04612740876210128, 0.03968390919999999, 0.03968390919999999, 0.005611412499999989, 9.203285451512784, 0.005611412499999989, 0.005611412499999989, 1.5980121013114967e-06, 0.006060325499999998, 0.006060325499999998, 3.961564085769865, 1.5980121013114967e-06, 0.005611412499999989, 1.1222824999931186e-06, 0.03536312157500001, 0.004713586499999999, 3.047445676148275, 0.002577968317760945, 3.167382737489575, 3.167382737489575, 1.1222824999931186e-06, 0.005611412499999989, 0.025700269249999998, 0.00977115266912346, 0.04612740876210128, 6.621466750003288e-06, 0.03536312157500001, 0.056959764863749984, 10.403645267837371, 2.200508532101048, 0.00030638320176201717, 0.5760846229110879, 0.04612740876210128, 0.5273613706889391, 33.49375650840536, 0.0007855977499999999, 1.5980121013114967e-06, 0.11222824999999997, 0.017825886317, 0.001885434599999999, 1.5980121013114967e-06, 0.0009427172999999995, 0.016883169016999995, 0.016883169016999995, 0.002805706249999991, 0.00977115266912346, 3.2027458590645748, 1.2784096810491974e-05, 0.005611412499999989, 0.03445407274999998, 0.04612740876210128, 0.005611412499999989, 0.0031319537727499992, 6.621466750003288e-06, 6.621466750003288e-06, 3.0521592626482748, 2.5321346742566675, 0.0027720377749999997, 0.056926769758250007, 0.0038224087797390227, 0.005611412499999989, 0.11517778496995013, 0.009965868599999993, 1.2784096810491974e-05, 0.0028281518999999982, 0.12606602003798906, 0.031245467082499978, 1.2784096810491974e-05, 3.3942982120730534, 5.735263012656255, 1.1222824999931374e-06, 0.10399327785827428, 0.06074917853798903, 0.039684245884749995, 2.809809780316665, 0.009023151299999995, 0.005611412499999989, 0.0031319537727499992, 0.0028281518999999982, 0.003770869199999998, 0.003770869199999998, 0.005992988549999996, 0.003770869199999998, 0.031245467082499978, 0.0009427172999999995, 1.5980121013114967e-06, 0.005611412499999989, 1.1222824999931186e-06, 5.294005996314809, 0.005611412499999989, 0.08368733659130001, 0.0028281518999999982, 0.26558860253799993, 2.5778865859697726, 0.0007855977499999999, 0.23753460684689243, 0.010100542499999997, 1.2784096810491974e-05, 1.2784096810491974e-05, 1.2784096810491974e-05, 0.017671038148601305, 0.03327076489860129, 0.0009427172999999995, 0.027047008249999997, 6.621466750003288e-06, 0.0007855977499999999, 0.11767594829623904, 0.173688170045239, 0.11767594829623904, 0.005611412499999999, 3.153971208880864, 1.5980121013114967e-06, 0.0007855977499999999, 0.0007855977499999999, 5.948097249763862e-05, 0.006060325499999998, 0.030974996999999997, 0.00030638320176201717, 0.3139531384697485, 0.031245467082499978, 1.1186084709180477e-05, 0.48764130851498755, 11.205860940233345, 0.05789858098798903, 0.04821325620000001, 0.037537207234, 0.0009427172999999995, 0.014994694330560488, 0.001885434599999999, 0.0027720377749999997, 0.008099288345999999, 0.0028505975499999985, 0.0009427172999999995, 0.0009427172999999995, 0.0009427172999999995, 0.0028505975499999985, 0.0027720377749999997, 0.008099288345999999, 12.257428028009027, 0.04803369099999999, 0.0009427172999999995, 0.00030638320176201717, 0.00030638320176201717, 0.04612740876210128, 1.5980121013114967e-06, 3.167382737489575, 1.1222824999931186e-06, 1.5980121013114967e-06, 6.621466750003288e-06, 0.03536312157500001, 3.480814079465547, 0.039684245884749995, 6.621466750003288e-06, 0.0007855977499999999, 1.5980121013114967e-06, 1.5980121013114967e-06, 0.023567932499999993, 0.005611412499999989, 6.621466750003288e-06, 1.5980121013114967e-06, 0.003097499699999999, 0.016883169016999995, 0.03968390919999999, 6.621466750003288e-06, 0.01470190075, 0.01975217199999999, 0.027047008249999997, 0.5839363430391901, 0.003097499699999999, 0.06074917853798903, 0.0027720377749999997, 0.06074917853798903, 0.011245270649999995, 0.006060325499999998, 0.006060325499999998, 0.06074917853798903, 0.06074917853798903, 0.0009427172999999995, 0.0009427172999999995, 0.0009427172999999995, 0.003097499699999999, 0.0009427172999999995, 0.003097499699999999, 0.009023151299999995, 0.0009427172999999995, 0.003097499699999999, 0.003097499699999999, 0.003097499699999999, 0.003097499699999999, 0.003097499699999999, 0.11303575923387452, 0.0028281518999999982, 0.003097499699999999, 0.04612740876210128, 0.0009427172999999995, 0.03940333857500001, 0.0007855977499999999, 0.008405222555499999, 0.173688170045239, 0.173688170045239, 0.008783880671, 6.621466750003288e-06, 0.0009427172999999995, 6.621466750003288e-06, 0.045122377966750005, 0.007113614359977847, 0.00030638320176201717, 1.1222824999931186e-06, 2.244564999986237e-06, 1.1222824999931186e-06, 0.0009427172999999995, 0.0009427172999999995, 0.00977115266912346, 0.0027720377749999997, 0.0028505975499999985, 0.0028505975499999985, 0.0027720377749999997, 0.003770869199999998, 0.03968390919999999, 0.009771152586249998, 1.5980121013114967e-06, 0.04612740876210128]","[3.153971208880864, 0.016991357050000006, 0.009771152586249998, 0.017845291880560485, 0.0007855977499999999, 0.010556750419123462, 0.02950371145548905, 0.06074917853798903, 0.02950371145548905, 0.036586409499999986, 0.03968390919999999, 0.016883169016999995, 2.244564999986237e-06, 0.001885434599999999, 0.004713586499999999, 0.00977115266912346, 0.0009427172999999995, 0.06074917853798903, 0.06074917853798903, 2.905957333942713, 0.003097499699999999, 0.26558860253799993, 9.204228168746619, 3.153971208880864, 0.04612740876210128, 0.03968390919999999, 0.03968390919999999, 0.005611412499999989, 9.203285451512784, 0.005611412499999989, 0.005611412499999989, 1.5980121013114967e-06, 0.006060325499999998, 0.006060325499999998, 3.961564085769865, 1.5980121013114967e-06, 0.005611412499999989, 1.1222824999931186e-06, 0.03536312157500001, 0.004713586499999999, 3.047445676148275, 0.002577968317760945, 3.167382737489575, 3.167382737489575, 1.1222824999931186e-06, 0.005611412499999989, 0.025700269249999998, 0.00977115266912346, 0.04612740876210128, 6.621466750003288e-06, 0.03536312157500001, 0.056959764863749984, 10.403645267837371, 2.200508532101048, 0.00030638320176201717, 0.5760846229110879, 0.04612740876210128, 0.5273613706889391, 33.49375650840536, 0.0007855977499999999, 1.5980121013114967e-06, 0.11222824999999997, 0.017825886317, 0.001885434599999999, 1.5980121013114967e-06, 0.0009427172999999995, 0.016883169016999995, 0.016883169016999995, 0.002805706249999991, 0.00977115266912346, 3.2027458590645748, 1.2784096810491974e-05, 0.005611412499999989, 0.03445407274999998, 0.04612740876210128, 0.005611412499999989, 0.0031319537727499992, 6.621466750003288e-06, 6.621466750003288e-06, 3.0521592626482748, 2.5321346742566675, 0.0027720377749999997, 0.056926769758250007, 0.0038224087797390227, 0.005611412499999989, 0.11517778496995013, 0.009965868599999993, 1.2784096810491974e-05, 0.0028281518999999982, 0.12606602003798906, 0.031245467082499978, 1.2784096810491974e-05, 3.3942982120730534, 5.735263012656255, 1.1222824999931374e-06, 0.10399327785827428, 0.06074917853798903, 0.039684245884749995, 2.809809780316665, 0.009023151299999995, 0.005611412499999989, 0.0031319537727499992, 0.0028281518999999982, 0.003770869199999998, 0.003770869199999998, 0.005992988549999996, 0.003770869199999998, 0.031245467082499978, 0.0009427172999999995, 1.5980121013114967e-06, 0.005611412499999989, 1.1222824999931186e-06, 5.294005996314809, 0.005611412499999989, 0.08368733659130001, 0.0028281518999999982, 0.26558860253799993, 2.5778865859697726, 0.0007855977499999999, 0.23753460684689243, 0.010100542499999997, 1.2784096810491974e-05, 1.2784096810491974e-05, 1.2784096810491974e-05, 0.017671038148601305, 0.03327076489860129, 0.0009427172999999995, 0.027047008249999997, 6.621466750003288e-06, 0.0007855977499999999, 0.11767594829623904, 0.173688170045239, 0.11767594829623904, 0.005611412499999999, 3.153971208880864, 1.5980121013114967e-06, 0.0007855977499999999, 0.0007855977499999999, 5.948097249763862e-05, 0.006060325499999998, 0.030974996999999997, 0.00030638320176201717, 0.3139531384697485, 0.031245467082499978, 1.1186084709180477e-05, 0.48764130851498755, 11.205860940233345, 0.05789858098798903, 0.04821325620000001, 0.037537207234, 0.0009427172999999995, 0.014994694330560488, 0.001885434599999999, 0.0027720377749999997, 0.008099288345999999, 0.0028505975499999985, 0.0009427172999999995, 0.0009427172999999995, 0.0009427172999999995, 0.0028505975499999985, 0.0027720377749999997, 0.008099288345999999, 12.257428028009027, 0.04803369099999999, 0.0009427172999999995, 0.00030638320176201717, 0.00030638320176201717, 0.04612740876210128, 1.5980121013114967e-06, 3.167382737489575, 1.1222824999931186e-06, 1.5980121013114967e-06, 6.621466750003288e-06, 0.03536312157500001, 3.480814079465547, 0.039684245884749995, 6.621466750003288e-06, 0.0007855977499999999, 1.5980121013114967e-06, 1.5980121013114967e-06, 0.023567932499999993, 0.005611412499999989, 6.621466750003288e-06, 1.5980121013114967e-06, 0.003097499699999999, 0.016883169016999995, 0.03968390919999999, 6.621466750003288e-06, 0.01470190075, 0.01975217199999999, 0.027047008249999997, 0.5839363430391901, 0.003097499699999999, 0.06074917853798903, 0.0027720377749999997, 0.06074917853798903, 0.011245270649999995, 0.006060325499999998, 0.006060325499999998, 0.06074917853798903, 0.06074917853798903, 0.0009427172999999995, 0.0009427172999999995, 0.0009427172999999995, 0.003097499699999999, 0.0009427172999999995, 0.003097499699999999, 0.009023151299999995, 0.0009427172999999995, 0.003097499699999999, 0.003097499699999999, 0.003097499699999999, 0.003097499699999999, 0.003097499699999999, 0.11303575923387452, 0.0028281518999999982, 0.003097499699999999, 0.04612740876210128, 0.0009427172999999995, 0.03940333857500001, 0.0007855977499999999, 0.008405222555499999, 0.173688170045239, 0.173688170045239, 0.008783880671, 6.621466750003288e-06, 0.0009427172999999995, 6.621466750003288e-06, 0.045122377966750005, 0.007113614359977847, 0.00030638320176201717, 1.1222824999931186e-06, 2.244564999986237e-06, 1.1222824999931186e-06, 0.0009427172999999995, 0.0009427172999999995, 0.00977115266912346, 0.0027720377749999997, 0.0028505975499999985, 0.0028505975499999985, 0.0027720377749999997, 0.003770869199999998, 0.03968390919999999, 0.009771152586249998, 1.5980121013114967e-06, 0.04612740876210128]","['ASPt2r', 'EX_ala__D_e', 'NH4t']","['CS', 'AKO', 'ACONT', 'AMMQT6', 'DHNAOT2', 'ARGSL', 'ARGSS', 'EX_h2o_e', 'ATPS4r', 'DMATT', 'DMPPS', 'CDPMEK', 'DXPRIi', 'DXPS', 'GRTT', 'MECDPDH', 'MECDPS', 'MEPCT', 'ICDHyr', 'ICHORS', 'IPDPS', 'NDH_1', 'NPHS', 'OCBT', 'OCTDPS', 'OXGDC2', 'SUCBZL', 'SUCBZS', 'SHCHCS2']","['CTPS1', 'CYSS', 'CYTK1', 'ADMDC', 'ADPT', 'ADSL1r', 'ADSL2r', 'ADSS', 'DAPDC', 'DAPE', 'DASYN_HP', 'DB4PS', 'AGMHE', 'AGMT', 'AHCYSNS', 'A5PISO', 'AICART', 'AIRC2', 'ALAALAr', 'ACCOAC', 'ACKr', 'DDPA', 'DHDPRy', 'DHDPS', 'DHFR', 'ACt2r', 'ADCL', 'DHFS', 'ANPRT', 'ANS2', 'ADK1', 'DHNPA', 'APRAUR', 'DHORD3', 'ARGDC', 'ARGN', 'EX_for_e', 'DHPPDA', 'DHPS', 'ASNS2', 'DHPTDCs', 'DHQTi', 'ASP1DC', 'ASPCT', 'ASPK', 'EX_h_e', 'ASPO2', 'ASPTA', 'DHQS', 'DKMPPD', 'BIOMASS_HP_published', 'C140SN', 'C160SN', 'C180SN', 'C181SN', 'C190cSN', 'CAT', 'DM_hmfurn_c', 'CBPS', 'DNMPPA', 'CHORM', 'CHORS', 'DNTPPA', 'CLPNS_HP', 'DPCOAK', 'DPR', 'EX_urea_e', 'CO2t', 'DTMPK', 'GARFT', 'GART', 'GCALDD', 'FBP', 'GF6PTA', 'GFUCS', 'GHMT2r', 'GK1', 'GLNS', 'FMNRx2', 'FMNAT', 'PIt2r', 'GLUPRT', 'FRDO', 'FUM', 'G1PACT', 'GLYCTO1', 'GLYK', 'GMAND', 'GMHEPAT', 'GMHEPK', 'GALUi', 'GMHEPPA', 'GMPS2', 'LPSSYN_HP', 'GTPCI', 'GTPCII', 'MALS', 'EX_arg__L_e', 'MAN1PT2', 'MCOATA', 'MDH4', 'MDRPD', 'ME1', 'HISabc', 'METAT', 'METabc', 'MOAT_HP', 'HSK', 'MOHMT', 'MTAN', 'MTHFC', 'PGCD', 'MTHFD', 'MTHFR2', 'MTRI', 'MTRK', 'NADK', 'IGPS', 'ILEabc', 'NADS1', 'PGK', 'IMPD', 'PGM', 'NDPK1', 'NDPK2', 'KAS15', 'KAS_HP', 'NDPK3', 'KAS_HP2', 'NDPK4', 'PGPP_HP', 'NDPK5', 'KDOCT2', 'KDOPP', 'KDOPS', 'NDPK7', 'NDPK8', 'PGSA_HP', 'LEUabc', 'LPADSS_HP', 'NNATr', 'NNDPR', 'SHKK', 'PMDPHT', 'PNTK', 'OMPDC', 'PPA', 'OOR3r', 'PPCDC', 'SPMS', 'P5CR', 'PABB', 'PANTS', 'PAPPT3', 'PASYN_HP', 'THDPS', 'PPNCL2', 'PPND', 'PPNDH', 'THRS', 'PPS', 'PPTGS', 'PRAGSr', 'TMDSf', 'PRAIS', 'TRDR', 'PRAIi', 'TRPS1', 'PRASCSi', 'PRFGS', 'U23GAAT_HP', 'U2GAAT', 'U2GAAT2', 'UAAGDS', 'UAGAAT_HP', 'UAGCVT', 'UAGDP', 'UAGDP2', 'UAGPT3', 'UAMAGS', 'UAMAS', 'UAPGR', 'UDCPDP', 'PRPPS', 'UDPG4E', 'UGMDDS', 'PSCVT', 'UHGADA_HP', 'UMPK', 'UNK2', 'PSD_HP', 'PSERT', 'PSP_L', 'PSSA_HP', 'PTPATi', 'USHD_HP', 'VALTA', 'VALabc', 'SK_ahcys_c', 'QULNS', 'RBFK', 'RBFSa', 'RBFSb', 'RFAC_HP', 'RFA_HP', 'RHCCE', 'RNDR1', 'RNDR2', 'RNDR3', 'RNDR4', 'S7PI', 'SDPDS', 'SERAT', 'SHK3Dr']",NH4t,ATPS4r,367.3301211652008,1,246,214,246.0,156.1690910134271,iIT341,True,False,3,29,Transport,Respiratory chain,False,pFBAOpt_Rxns,pFBAOpt_Rxns,RSL,False
36,"['CS', 'AKO', 'ACONT', 'FADOX', 'EDA', 'EDD', 'ICDHyr', 'PGI']","[0.02186912621202679, 0.021869125475472307, 0.02186912621202679, 0.02186912473621121, 0.021869125968108638, 0.021869125968108638, 0.02186912621202679, 0.04373825211446242]","[0.02186912621202679, 0.021869125475472307, 0.02186912621202679, 0.02186912473621121, 0.021869125968108638, 0.021869125968108638, 0.02186912621202679, 0.04373825211446242]",[],"['CS', 'AKO', 'ACONT', 'FADOX', 'EDA', 'EDD', 'ICDHyr']",['PGI'],TKT1,TALA,0.6560737850220419,1,8,1,8.0,0.19682213289844358,iIT341,False,False,7,7,Pentose-Phosphate-Pathway,Pentose-Phosphate-Pathway,True,pFBAOpt_Rxns,pFBAOpt_Rxns,RSL,False
37,"['ASPT', 'FRD5', 'G6PDH2r', 'GND', 'NADPHQR', 'PGL', 'TALA', 'TKT1', 'TKT2', 'RPE']","[0.26698697017323214, 0.26698696976307756, 0.5339739398220211, 0.8009609095249441, 0.53397393881691, 0.5339739398220211, 0.2669869699060484, 0.26698696990547194, 0.26698696991310067, 0.5339739398185726]","[0.26698697017323214, 0.26698696976307756, 0.5339739398220211, 0.8009609095249441, 0.53397393881691, 0.5339739398220211, 0.2669869699060484, 0.26698696990547194, 0.26698696991310067, 0.5339739398185726]",['TKT2'],"['ASPT', 'G6PDH2r', 'NADPHQR', 'TALA']","['FRD5', 'GND', 'PGL', 'TKT1', 'RPE']",TKT2,TALA,8.009609095228088,1,10,5,10.0,4.2717915174654,iIT341,True,False,1,4,Pentose-Phosphate-Pathway,Pentose-Phosphate-Pathway,True,pFBAOpt_Rxns,pFBAOpt_Rxns,RSL,False
38,"['ASPT', 'FRD5', 'G6PDH2r', 'GND', 'NADPHQR', 'PGL', 'P5CR', 'TALA', 'TKT1', 'TKT2', 'PROD2', 'RPE']","[0.2893793067528448, 0.28937930677651424, 0.5787586147369943, 0.8681379194171759, 0.2893793075247437, 0.5787586138757117, 0.28937930677651424, 0.2893793067015479, 0.289379306700767, 0.2893793062211191, 0.28937930677651424, 0.5787586129218861]","[0.2893793067528448, 0.28937930677651424, 0.5787586147369943, 0.8681379194171759, 0.2893793075247437, 0.5787586138757117, 0.28937930677651424, 0.2893793067015479, 0.289379306700767, 0.2893793062211191, 0.28937930677651424, 0.5787586129218861]",['TKT2'],"['ASPT', 'G6PDH2r', 'NADPHQR', 'TKT1', 'PROD2']","['FRD5', 'GND', 'PGL', 'P5CR', 'TALA', 'RPE']",TKT2,TKT1,8.681379200444876,1,12,6,12.0,4.919448215182333,iIT341,True,False,1,5,Pentose-Phosphate-Pathway,Pentose-Phosphate-Pathway,True,pFBAOpt_Rxns,pFBAOpt_Rxns,RSL,False
39,"['CS', 'CTPS1', 'CYSS', 'CYTK1', 'ADMDC', 'ADPT', 'ADSL1r', 'ADSL2r', 'ADSS', 'DAPDC', 'DAPE', 'DASYN_HP', 'DB4PS', 'AGMHE', 'DBTS', 'AGMT', 'AHCYSNS', 'A5PISO', 'AICART', 'AIRC2', 'AKO', 'ALAALAr', 'ACCOAC', 'ACKr', 'AMAOTr', 'ACONT', 'DDPA', 'DHDPRy', 'DHDPS', 'DHFR', 'ACt2r', 'ADCL', 'DHFS', 'AMMQT6', 'ANPRT', 'ANS2', 'ADK1', 'DHNAOT2', 'DHNPA', 'AOXSr', 'APRAUR', 'DHORD3', 'ARGDC', 'ARGN', 'EX_for_e', 'ARGt2r', 'DHPPDA', 'DHPS', 'ASNS2', 'DHPTDCs', 'DHQTi', 'ASP1DC', 'ASPCT', 'ASPK', 'EX_h2o_e', 'ASPO2', 'EX_lac__L_e', 'DHQS', 'ATPS4r', 'DKMPPD', 'DMATT', 'BTS2', 'BIOMASS_HP_published', 'C140SN', 'C160SN', 'DMPPS', 'C180SN', 'C181SN', 'C190cSN', 'EX_pyr_e', 'CAT', 'DM_hmfurn_c', 'CBPS', 'CDPMEK', 'DNMPPA', 'CHCOAL', 'EX_succ_e', 'CHORM', 'CHORS', 'DNTPPA', 'CLPNS_HP', 'DPCOAK', 'DPR', 'DTMPK', 'GARFT', 'GART', 'GCALDD', 'FBP', 'GF6PTA', 'DXPRIi', 'GFUCS', 'GHMT2r', 'GK1', 'DXPS', 'GLNS', 'FMNRx2', 'FMNAT', 'PIt2r', 'GLUDy', 'GLUPRT', 'FRDO', 'FUM', 'G1PACT', 'GLYCTO1', 'GLYK', 'G5SADs', 'GMAND', 'GMHEPAT', 'GMHEPK', 'GALUi', 'GMHEPPA', 'GMPS2', 'LPSSYN_HP', 'GRTT', 'EX_akg_e', 'GTPCI', 'GTPCII', 'MALS', 'MAN1PT2', 'MCOATA', 'MDH4', 'HEMEti', 'MDRPD', 'HISabc', 'MECDPDH', 'MECDPS', 'MEPCT', 'METAT', 'METabc', 'MOAT_HP', 'HSK', 'MOHMT', 'MTAN', 'MTHFC', 'PGCD', 'MTHFD', 'MTHFR2', 'ICDHyr', 'ICHORS', 'MTRI', 'MTRK', 'NADK', 'IGPS', 'ILEabc', 'NADS1', 'PGK', 'IMPD', 'IPDPS', 'PGM', 'NDH_1', 'NDPK1', 'NDPK2', 'KAS15', 'KAS_HP', 'NDPK3', 'KAS_HP2', 'NDPK4', 'PGPP_HP', 'NDPK5', 'KDOCT2', 'KDOPP', 'KDOPS', 'NDPK7', 'NDPK8', 'PGSA_HP', 'LEUabc', 'LPADSS_HP', 'NNATr', 'NNDPR', 'SHKK', 'NPHS', 'PIMEtr', 'PMDPHT', 'OCTDPS', 'PNTK', 'OMPDC', 'PPA', 'OOR3r', 'ORNTA', 'PPCDC', 'SPMS', 'OXGDC2', 'SUCBZL', 'PABB', 'PANTS', 'SUCBZS', 'PAPPT3', 'PASYN_HP', 'THDPS', 'PPNCL2', 'PPND', 'THMabc', 'PPNDH', 'THRS', 'PPS', 'PPTGS', 'PRAGSr', 'TMDSf', 'PRAIS', 'TRDR', 'PRAIi', 'TRPS1', 'PRASCSi', 'PRFGS', 'U23GAAT_HP', 'U2GAAT', 'U2GAAT2', 'UAAGDS', 'UAGAAT_HP', 'UAGCVT', 'UAGDP', 'UAGDP2', 'UAGPT3', 'UAMAGS', 'UAMAS', 'UAPGR', 'UDCPDP', 'PRPPS', 'UDPG4E', 'UGMDDS', 'PSCVT', 'UHGADA_HP', 'UMPK', 'UNK2', 'PSD_HP', 'PSERT', 'PSP_L', 'UREA', 'PSSA_HP', 'PTPATi', 'USHD_HP', 'VALTA', 'VALabc', 'SK_ahcys_c', 'DM_amob_c', 'PUTA3', 'QULNS', 'RBFK', 'RBFSa', 'RBFSb', 'RFAC_HP', 'RFA_HP', 'RHCCE', 'RNDR1', 'RNDR2', 'RNDR3', 'RNDR4', 'S7PI', 'SDPDS', 'SERAT', 'SHCHCS2', 'SHK3Dr']","[4.8066568846765385, 0.05464317444999999, 0.031423434501250146, 0.057372985493550153, 0.0025264347499999998, 0.03394986929576789, 0.09488009898704682, 0.19536362737954677, 0.09488009898704682, 0.11765967549999999, 0.1276210468, 0.054295248293, 7.218384999979621e-06, 0.006063443399999998, 2.1655154999999997e-06, 0.0151586085, 0.03142343454576789, 0.003031721699999999, 0.19536362737954677, 0.19536362737954677, 0.09571578509999999, 0.009961371299999999, 0.8541168488019999, 11.606598424928928, 2.1655154999999997e-06, 4.8066568846765385, 0.14834090190809995, 0.1276210468, 0.1276210468, 0.018045962499999978, 11.60356670327019, 0.018045962499999978, 0.018045962499999978, 3.0901580999999997e-06, 0.019489639499999996, 0.019489639499999996, 2.554004248519867, 3.0901580999999997e-06, 0.018045962499999978, 2.1655154999999997e-06, 3.6091924999898106e-06, 0.11372565567500001, 0.0151586085, 0.7289838720381924, 0.008292638737202991, 0.8455607897881923, 3.6091924999898106e-06, 0.018045962499999978, 0.08265050825, 0.03142343454576789, 0.14834090190809995, 2.1294235750146662e-05, 0.11372565567500001, 0.1831791515613501, 3.8302070549160008, 0.0009853096629675873, 2.6399200592386216, 0.14834090190809995, 38.78953092675673, 0.0025264347499999998, 3.0901580999999997e-06, 2.1655154999999997e-06, 0.36091924999999997, 0.05732696999300001, 0.006063443399999998, 3.0901580999999997e-06, 0.003031721699999999, 0.054295248293, 0.054295248293, 0.869636032546597, 0.009022981249999985, 0.03142343454576789, 0.11372565567500001, 2.4721264799999998e-05, 0.018045962499999978, 2.1655154999999997e-06, 0.17330901063920467, 0.11080220974999999, 0.14834090190809995, 0.018045962499999978, 0.01007217350975, 2.1294235750146662e-05, 2.1294235750146662e-05, 0.008914705475, 0.1830730412892498, 0.012290586090296957, 0.018045962499999978, 0.3704027265515548, 0.032049629399999995, 2.4721264799999998e-05, 0.0090951651, 0.40541863087954666, 0.10048352839249997, 2.4721264799999998e-05, 0.7297423154765935, 5.786940097364289, 3.6091924999898106e-06, 0.3344360784136769, 0.37673720147233847, 0.19536362737954677, 0.12762212955775, 4.694136607638114, 0.029017907699999998, 0.018045962499999978, 0.01007217350975, 0.07579304249999999, 0.0090951651, 0.012126886799999997, 0.012126886799999997, 0.019273087949999997, 0.012126886799999997, 0.10048352839249997, 0.003031721699999999, 3.0901580999999997e-06, 5.028039750598881, 0.018045962499999978, 3.6091924999898106e-06, 0.018045962499999978, 0.0090951651, 0.8541168488019999, 4.8066568846765385, 2.1655154999999997e-06, 0.0025264347499999998, 0.0324827325, 2.4721264799999998e-05, 2.4721264799999998e-05, 2.4721264799999998e-05, 0.056826938716599995, 0.10699471446659997, 0.003031721699999999, 0.08698153924999999, 2.1294235750146662e-05, 0.0025264347499999998, 0.37843666866879655, 0.5585685789897968, 0.37843666866879655, 0.0180459625, 4.8066568846765385, 3.0901580999999997e-06, 0.0025264347499999998, 0.0025264347499999998, 0.00019128720249961262, 0.019489639499999996, 0.09961371300000002, 0.0009853096629675873, 1.0096317259529544, 0.10048352839249997, 2.1631106699999998e-05, 1.5682003049427515, 21.702634730676593, 0.18619627842954678, 0.15505090979999997, 0.120717383386, 0.003031721699999999, 0.04820563654355015, 0.006063443399999998, 0.008914705475, 0.026046820434, 0.009167348949999998, 0.003031721699999999, 0.003031721699999999, 0.003031721699999999, 0.009167348949999998, 0.008914705475, 0.026046820434, 0.154473439, 0.003031721699999999, 0.0009853096629675873, 0.0009853096629675873, 0.14834090190809995, 3.0901580999999997e-06, 2.1655154999999997e-06, 3.6091924999898106e-06, 3.0901580999999997e-06, 2.1294235750146662e-05, 0.11372565567500001, 1.0079372684867676, 0.12762212955775, 0.7289838720381924, 2.1294235750146662e-05, 0.0025264347499999998, 3.0901580999999997e-06, 3.0901580999999997e-06, 0.018045962499999978, 2.1294235750146662e-05, 3.0901580999999997e-06, 0.009961371299999999, 0.054295248293, 0.1276210468, 2.1294235750146662e-05, 0.047280421749999996, 2.1655154999999997e-06, 0.063521788, 0.08698153924999999, 1.8778752017589515, 0.009961371299999999, 0.19536362737954677, 0.008914705475, 0.19536362737954677, 0.036164108849999994, 0.019489639499999996, 0.019489639499999996, 0.19536362737954677, 0.19536362737954677, 0.003031721699999999, 0.003031721699999999, 0.003031721699999999, 0.009961371299999999, 0.003031721699999999, 0.009961371299999999, 0.029017907699999998, 0.003031721699999999, 0.009961371299999999, 0.009961371299999999, 0.009961371299999999, 0.009961371299999999, 0.009961371299999999, 0.3635141015132823, 0.0090951651, 0.009961371299999999, 0.14834090190809995, 0.003031721699999999, 0.126718748675, 0.0025264347499999998, 0.0270306863095, 0.5585685789897968, 0.5585685789897968, 0.7441424805381924, 0.028248427858999996, 2.1294235750146662e-05, 0.003031721699999999, 2.1294235750146662e-05, 0.14511083273575015, 0.02287490390533211, 2.1655154999999997e-06, 0.6531908295381924, 0.0009853096629675873, 3.6091924999898106e-06, 7.218384999979621e-06, 3.6091924999898106e-06, 0.003031721699999999, 0.003031721699999999, 0.03142343454576789, 0.008914705475, 0.009167348949999998, 0.009167348949999998, 0.008914705475, 0.012126886799999997, 0.1276210468, 0.031423434501250146, 3.0901580999999997e-06, 0.14834090190809995]","[4.8066568846765385, 0.05464317444999999, 0.031423434501250146, 0.057372985493550153, 0.0025264347499999998, 0.03394986929576789, 0.09488009898704682, 0.19536362737954677, 0.09488009898704682, 0.11765967549999999, 0.1276210468, 0.054295248293, 7.218384999979621e-06, 0.006063443399999998, 2.1655154999999997e-06, 0.0151586085, 0.03142343454576789, 0.003031721699999999, 0.19536362737954677, 0.19536362737954677, 0.09571578509999999, 0.009961371299999999, 0.8541168488019999, 11.606598424928928, 2.1655154999999997e-06, 4.8066568846765385, 0.14834090190809995, 0.1276210468, 0.1276210468, 0.018045962499999978, 11.60356670327019, 0.018045962499999978, 0.018045962499999978, 3.0901580999999997e-06, 0.019489639499999996, 0.019489639499999996, 2.554004248519867, 3.0901580999999997e-06, 0.018045962499999978, 2.1655154999999997e-06, 3.6091924999898106e-06, 0.11372565567500001, 0.0151586085, 0.7289838720381924, 0.008292638737202991, 0.8455607897881923, 3.6091924999898106e-06, 0.018045962499999978, 0.08265050825, 0.03142343454576789, 0.14834090190809995, 2.1294235750146662e-05, 0.11372565567500001, 0.1831791515613501, 3.8302070549160008, 0.0009853096629675873, 2.6399200592386216, 0.14834090190809995, 38.78953092675673, 0.0025264347499999998, 3.0901580999999997e-06, 2.1655154999999997e-06, 0.36091924999999997, 0.05732696999300001, 0.006063443399999998, 3.0901580999999997e-06, 0.003031721699999999, 0.054295248293, 0.054295248293, 0.869636032546597, 0.009022981249999985, 0.03142343454576789, 0.11372565567500001, 2.4721264799999998e-05, 0.018045962499999978, 2.1655154999999997e-06, 0.17330901063920467, 0.11080220974999999, 0.14834090190809995, 0.018045962499999978, 0.01007217350975, 2.1294235750146662e-05, 2.1294235750146662e-05, 0.008914705475, 0.1830730412892498, 0.012290586090296957, 0.018045962499999978, 0.3704027265515548, 0.032049629399999995, 2.4721264799999998e-05, 0.0090951651, 0.40541863087954666, 0.10048352839249997, 2.4721264799999998e-05, 0.7297423154765935, 5.786940097364289, 3.6091924999898106e-06, 0.3344360784136769, 0.37673720147233847, 0.19536362737954677, 0.12762212955775, 4.694136607638114, 0.029017907699999998, 0.018045962499999978, 0.01007217350975, 0.07579304249999999, 0.0090951651, 0.012126886799999997, 0.012126886799999997, 0.019273087949999997, 0.012126886799999997, 0.10048352839249997, 0.003031721699999999, 3.0901580999999997e-06, 5.028039750598881, 0.018045962499999978, 3.6091924999898106e-06, 0.018045962499999978, 0.0090951651, 0.8541168488019999, 4.8066568846765385, 2.1655154999999997e-06, 0.0025264347499999998, 0.0324827325, 2.4721264799999998e-05, 2.4721264799999998e-05, 2.4721264799999998e-05, 0.056826938716599995, 0.10699471446659997, 0.003031721699999999, 0.08698153924999999, 2.1294235750146662e-05, 0.0025264347499999998, 0.37843666866879655, 0.5585685789897968, 0.37843666866879655, 0.0180459625, 4.8066568846765385, 3.0901580999999997e-06, 0.0025264347499999998, 0.0025264347499999998, 0.00019128720249961262, 0.019489639499999996, 0.09961371300000002, 0.0009853096629675873, 1.0096317259529544, 0.10048352839249997, 2.1631106699999998e-05, 1.5682003049427515, 21.702634730676593, 0.18619627842954678, 0.15505090979999997, 0.120717383386, 0.003031721699999999, 0.04820563654355015, 0.006063443399999998, 0.008914705475, 0.026046820434, 0.009167348949999998, 0.003031721699999999, 0.003031721699999999, 0.003031721699999999, 0.009167348949999998, 0.008914705475, 0.026046820434, 0.154473439, 0.003031721699999999, 0.0009853096629675873, 0.0009853096629675873, 0.14834090190809995, 3.0901580999999997e-06, 2.1655154999999997e-06, 3.6091924999898106e-06, 3.0901580999999997e-06, 2.1294235750146662e-05, 0.11372565567500001, 1.0079372684867676, 0.12762212955775, 0.7289838720381924, 2.1294235750146662e-05, 0.0025264347499999998, 3.0901580999999997e-06, 3.0901580999999997e-06, 0.018045962499999978, 2.1294235750146662e-05, 3.0901580999999997e-06, 0.009961371299999999, 0.054295248293, 0.1276210468, 2.1294235750146662e-05, 0.047280421749999996, 2.1655154999999997e-06, 0.063521788, 0.08698153924999999, 1.8778752017589515, 0.009961371299999999, 0.19536362737954677, 0.008914705475, 0.19536362737954677, 0.036164108849999994, 0.019489639499999996, 0.019489639499999996, 0.19536362737954677, 0.19536362737954677, 0.003031721699999999, 0.003031721699999999, 0.003031721699999999, 0.009961371299999999, 0.003031721699999999, 0.009961371299999999, 0.029017907699999998, 0.003031721699999999, 0.009961371299999999, 0.009961371299999999, 0.009961371299999999, 0.009961371299999999, 0.009961371299999999, 0.3635141015132823, 0.0090951651, 0.009961371299999999, 0.14834090190809995, 0.003031721699999999, 0.126718748675, 0.0025264347499999998, 0.0270306863095, 0.5585685789897968, 0.5585685789897968, 0.7441424805381924, 0.028248427858999996, 2.1294235750146662e-05, 0.003031721699999999, 2.1294235750146662e-05, 0.14511083273575015, 0.02287490390533211, 2.1655154999999997e-06, 0.6531908295381924, 0.0009853096629675873, 3.6091924999898106e-06, 7.218384999979621e-06, 3.6091924999898106e-06, 0.003031721699999999, 0.003031721699999999, 0.03142343454576789, 0.008914705475, 0.009167348949999998, 0.009167348949999998, 0.008914705475, 0.012126886799999997, 0.1276210468, 0.031423434501250146, 3.0901580999999997e-06, 0.14834090190809995]",['ACKr'],"['AKO', 'AMMQT6', 'DHNAOT2', 'EX_h2o_e', 'ATPS4r', 'DMATT', 'DMPPS', 'EX_pyr_e', 'CDPMEK', 'DXPRIi', 'DXPS', 'GRTT', 'EX_akg_e', 'MECDPDH', 'MECDPS', 'MEPCT', 'ICHORS', 'IPDPS', 'NDH_1', 'NPHS', 'OCTDPS', 'OXGDC2', 'SUCBZL', 'SUCBZS', 'TRPS1', 'UREA', 'PUTA3', 'SHCHCS2']","['CS', 'CTPS1', 'CYSS', 'CYTK1', 'ADMDC', 'ADPT', 'ADSL1r', 'ADSL2r', 'ADSS', 'DAPDC', 'DAPE', 'DASYN_HP', 'DB4PS', 'AGMHE', 'DBTS', 'AGMT', 'AHCYSNS', 'A5PISO', 'AICART', 'AIRC2', 'ALAALAr', 'ACCOAC', 'AMAOTr', 'ACONT', 'DDPA', 'DHDPRy', 'DHDPS', 'DHFR', 'ACt2r', 'ADCL', 'DHFS', 'ANPRT', 'ANS2', 'ADK1', 'DHNPA', 'AOXSr', 'APRAUR', 'DHORD3', 'ARGDC', 'ARGN', 'EX_for_e', 'ARGt2r', 'DHPPDA', 'DHPS', 'ASNS2', 'DHPTDCs', 'DHQTi', 'ASP1DC', 'ASPCT', 'ASPK', 'ASPO2', 'EX_lac__L_e', 'DHQS', 'DKMPPD', 'BTS2', 'BIOMASS_HP_published', 'C140SN', 'C160SN', 'C180SN', 'C181SN', 'C190cSN', 'CAT', 'DM_hmfurn_c', 'CBPS', 'DNMPPA', 'CHCOAL', 'EX_succ_e', 'CHORM', 'CHORS', 'DNTPPA', 'CLPNS_HP', 'DPCOAK', 'DPR', 'DTMPK', 'GARFT', 'GART', 'GCALDD', 'FBP', 'GF6PTA', 'GFUCS', 'GHMT2r', 'GK1', 'GLNS', 'FMNRx2', 'FMNAT', 'PIt2r', 'GLUDy', 'GLUPRT', 'FRDO', 'FUM', 'G1PACT', 'GLYCTO1', 'GLYK', 'G5SADs', 'GMAND', 'GMHEPAT', 'GMHEPK', 'GALUi', 'GMHEPPA', 'GMPS2', 'LPSSYN_HP', 'GTPCI', 'GTPCII', 'MALS', 'MAN1PT2', 'MCOATA', 'MDH4', 'HEMEti', 'MDRPD', 'HISabc', 'METAT', 'METabc', 'MOAT_HP', 'HSK', 'MOHMT', 'MTAN', 'MTHFC', 'PGCD', 'MTHFD', 'MTHFR2', 'ICDHyr', 'MTRI', 'MTRK', 'NADK', 'IGPS', 'ILEabc', 'NADS1', 'PGK', 'IMPD', 'PGM', 'NDPK1', 'NDPK2', 'KAS15', 'KAS_HP', 'NDPK3', 'KAS_HP2', 'NDPK4', 'PGPP_HP', 'NDPK5', 'KDOCT2', 'KDOPP', 'KDOPS', 'NDPK7', 'NDPK8', 'PGSA_HP', 'LEUabc', 'LPADSS_HP', 'NNATr', 'NNDPR', 'SHKK', 'PIMEtr', 'PMDPHT', 'PNTK', 'OMPDC', 'PPA', 'OOR3r', 'ORNTA', 'PPCDC', 'SPMS', 'PABB', 'PANTS', 'PAPPT3', 'PASYN_HP', 'THDPS', 'PPNCL2', 'PPND', 'THMabc', 'PPNDH', 'THRS', 'PPS', 'PPTGS', 'PRAGSr', 'TMDSf', 'PRAIS', 'TRDR', 'PRAIi', 'PRASCSi', 'PRFGS', 'U23GAAT_HP', 'U2GAAT', 'U2GAAT2', 'UAAGDS', 'UAGAAT_HP', 'UAGCVT', 'UAGDP', 'UAGDP2', 'UAGPT3', 'UAMAGS', 'UAMAS', 'UAPGR', 'UDCPDP', 'PRPPS', 'UDPG4E', 'UGMDDS', 'PSCVT', 'UHGADA_HP', 'UMPK', 'UNK2', 'PSD_HP', 'PSERT', 'PSP_L', 'PSSA_HP', 'PTPATi', 'USHD_HP', 'VALTA', 'VALabc', 'SK_ahcys_c', 'DM_amob_c', 'QULNS', 'RBFK', 'RBFSa', 'RBFSb', 'RFAC_HP', 'RFA_HP', 'RHCCE', 'RNDR1', 'RNDR2', 'RNDR3', 'RNDR4', 'S7PI', 'SDPDS', 'SERAT', 'SHK3Dr']",PTAr,ATPS4r,354.80402784869614,1,252,223,252.0,153.2385179767176,iIT341,False,False,28,28,Others,Respiratory chain,False,pFBAOpt_Rxns,pFBAOpt_Rxns,RSL,False
40,"['FRD5', 'G6PDH2r', 'GND', 'NADPHQR', 'PGL', 'TALA', 'TKT1', 'TKT2', 'RPE']","[0.12258030831941369, 0.24516061652982757, 0.3677409248177431, 0.3677409249346797, 0.24516061655310206, 0.122580308276551, 0.122580308276551, 0.122580308276551, 0.245160616553102]","[0.12258030831941369, 0.24516061652982757, 0.3677409248177431, 0.3677409249346797, 0.24516061655310206, 0.122580308276551, 0.122580308276551, 0.122580308276551, 0.245160616553102]",['RPE'],"['G6PDH2r', 'NADPHQR', 'TALA']","['FRD5', 'GND', 'PGL', 'TKT1', 'TKT2']",RPE,TALA,3.6774092483242713,1,9,5,9.0,1.961284932537521,iIT341,True,False,1,3,Pentose-Phosphate-Pathway,Pentose-Phosphate-Pathway,True,pFBAOpt_Rxns,pFBAOpt_Rxns,RSL,False
41,"['FRD5', 'G6PDH2r', 'GND', 'NADPHQR', 'PGL', 'TALA', 'TKT1', 'TKT2', 'RPE']","[0.14468965328578665, 0.28937930672301393, 0.43406896005023704, 0.4340689600077319, 0.28937930672301393, 0.14468965335554995, 0.14468965335554995, 0.14468965335554995, 0.2893793067110999]","[0.14468965328578665, 0.28937930672301393, 0.43406896005023704, 0.4340689600077319, 0.28937930672301393, 0.14468965335554995, 0.14468965335554995, 0.14468965335554995, 0.2893793067110999]",['RPE'],"['G6PDH2r', 'NADPHQR', 'TKT1']","['FRD5', 'GND', 'PGL', 'TALA', 'TKT2']",RPE,TKT1,4.340689600499965,1,9,5,9.0,2.315034453567533,iIT341,True,False,1,3,Pentose-Phosphate-Pathway,Pentose-Phosphate-Pathway,True,pFBAOpt_Rxns,pFBAOpt_Rxns,RSL,False
42,"['CS', 'AKO', 'ACONT', 'FADOX', 'EDA', 'EDD', 'FUM', 'MDH4', 'ICDHyr', 'PGI', 'RPI']","[0.14283795813177225, 0.1428379582357593, 0.14283795813177225, 0.14283795836578153, 0.14283795824939327, 0.14283795824939327, 0.1428379582359831, 0.14283795815195743, 0.14283795813177225, 0.2856759165722469, 0.14283795826889412]","[0.14283795813177225, 0.1428379582357593, 0.14283795813177225, 0.14283795836578153, 0.14283795824939327, 0.14283795824939327, 0.1428379582359831, 0.14283795815195743, 0.14283795813177225, 0.2856759165722469, 0.14283795826889412]",[],"['CS', 'AKO', 'ACONT', 'FADOX', 'EDA', 'EDD', 'ICDHyr']","['FUM', 'MDH4', 'PGI', 'RPI']",RPE,TKT2,4.285138748685792,1,11,4,11.0,1.7140554987247256,iIT341,False,False,7,7,Pentose-Phosphate-Pathway,Pentose-Phosphate-Pathway,True,pFBAOpt_Rxns,pFBAOpt_Rxns,RSL,False
