table_new_1,table_new_2,table_new_3,table_new_4,table_new_5,table_new_6,table_new_7,table_new_8,table_new_9,table_new_10,table_new_11,table_new_12,table_new_13,table_new_14,table_new_15,table_new_16,table_new_17,table_new_18,table_new_19,table_new_20,table_new_21,table_new_22,table_new_23,table_new_24,table_new_25,table_new_26,table_new_27,table_new_28,table_new_29,table_new_30,table_new_31,table_new_32,table_new_33,table_new_34,table_new_35,table_new_36,table_new_37,table_new_38,table_new_39,table_new_40,table_new_41,table_new_42,table_new_43,table_new_44,table_new_45,table_new_46,table_new_47,table_new_48,table_new_49,table_new_50,table_new_51,table_new_52,table_new_53,table_new_54,table_new_55,table_new_56,table_new_57,table_new_58,table_new_59,table_new_60,table_new_61,table_new_62,table_new_63,table_new_64,table_new_65,table_new_66,table_new_67,table_new_68,table_new_69,table_new_70,table_new_71,table_new_72,table_new_73,table_new_74,table_new_75,table_new_76,table_new_77,table_new_78,table_new_79,table_new_80,table_new_81,table_new_82,table_new_83,table_new_84,table_new_85,table_new_86,table_new_87,table_new_88,table_new_89,table_new_90,table_new_91,table_new_92,table_new_93,table_new_94,table_new_95,table_new_96,table_new_97,table_new_98,table_new_99,table_new_100,table_new_101,table_new_102,table_new_103,table_new_104,table_new_105,table_new_106,table_new_107,table_new_108,table_new_109,table_new_110,table_new_111,table_new_112,table_new_113,table_new_114,table_new_115,table_new_116,table_new_117,table_new_118
0.00684504769742489,0.00684504774470559,0.00684504769742489,0.00684504758100957,0.00684504766183982,0.00684504774470559,,,,,,,,,,,,,,,,,,,,,,,,,,,,,,,,,,,,,,,,,,,,,,,,,,,,,,,,,,,,,,,,,,,,,,,,,,,,,,,,,,,,,,,,,,,,,,,,,,,,,,,,,,,,,,,,
0.00108446227386594,0.00108446239028126,0.00108446224452696,0.00108446236094228,0.00108446236094228,0.00108446224452696,,,,,,,,,,,,,,,,,,,,,,,,,,,,,,,,,,,,,,,,,,,,,,,,,,,,,,,,,,,,,,,,,,,,,,,,,,,,,,,,,,,,,,,,,,,,,,,,,,,,,,,,,,,,,,,,
0.000122355413623154,0.000286130784459821,0.0563168391818181,0.00017994685354699,0.0561862369650044,0.000367978967639722,0.000410252458658291,0.000367978967639722,0.000410252458658291,0.000123176423465817,0.000340632279403508,0.000458793714642525,0.000367978967639722,0.000410252458658291,0.000367978967639722,0.000453035347163677,6.96202201802606e-05,9.5449783093492e-05,0.000190681001366329,0.00017994685354699,0.000366687718492736,0.000367978967639722,0.00041049607373578,0.000410252458658291,0.00017994685354699,0.000286130784459821,0.00010562130475621,0.000286130784459821,3.16760269924998e-05,0.000235365238040686,0.000169252117329322,0.000286130784459821,0.000286130784459821,0.00017994685354699,0.000286130784459821,4.20302935888315e-06,1.79578782990575e-05,0.000202449787983366,6.2367244563122e-06,7.60771799832582e-05,3.36599293879092e-05,7.96648497277379e-05,0.000147592373226722,7.72509956732392e-05,3.62388582301958e-06,0.000182672054506838,7.82879069447517e-05,0.000221294585488474,0.000147592373226722,1.93847997373687e-05,7.72509657259255e-05,3.11336480081081e-05,0.000182672044148497,7.82878914403675e-05,0.00010066198144343,0.000228573376042002,0.000142339977614481,3.62388582301958e-06,0.000406649825493741,0.00028613188336705,4.73666238576405e-06,0.000227022101171315,0.000100662000477314,6.39956331177092e-05,0.000287401627066992,0.000532113332826878,0.0001133229488873,7.43855883859309e-05,0.000243012156812364,0.000228573376042002,6.45741509255051e-05,3.36599769070745e-05,1.04616732184565e-05,3.62389255315065e-06,3.62388582301958e-06,0.000286130784459821,0.000286130784459821,4.20302935888315e-06,0.000142339966259897,0.000406649778597057,8.39728189536391e-05,7.96648497277379e-05,0.000235365150235304,0.000147232320159674,0.00017994685354699,9.70997941823213e-05,0.000286131864413619,7.43855489417911e-05,0.000227022101171315,8.50563348262303e-05,6.3995597884059e-05,2.14308141390806e-05,2.03767846794175e-05,0.000287401606328785,1.95992302575235e-05,1.78151333590241e-05,1.00399752264943e-05,0.000340632279403508,0.000453035347163677,8.45469820371378e-05,0.000410252483561635,0.000410252483561635,8.45469820371378e-05,8.45469820371378e-05,7.7550856734879e-05,8.50563348262303e-05,1.79579114263594e-05,0.000286130816675723,0.000473814634240336,0.000122355449578306,0.000123176423465817,0.000366687718492736,0.000458793720396498,0.00041049607373578,8.50563348262303e-05,9.54619797206269e-05,0.000113322981633246,3.62388582301958e-06
1.36287417262793e-05,1.36287908915547e-05,1.36290740370484e-05,1.36287417262793e-05,1.36290740370484e-05,,,,,,,,,,,,,,,,,,,,,,,,,,,,,,,,,,,,,,,,,,,,,,,,,,,,,,,,,,,,,,,,,,,,,,,,,,,,,,,,,,,,,,,,,,,,,,,,,,,,,,,,,,,,,,,,,
0.00321998899423253,0.00321998904612847,0.00161000061780214,0.00161000072942052,,,,,,,,,,,,,,,,,,,,,,,,,,,,,,,,,,,,,,,,,,,,,,,,,,,,,,,,,,,,,,,,,,,,,,,,,,,,,,,,,,,,,,,,,,,,,,,,,,,,,,,,,,,,,,,,,,
0.00689097627078702,0.00689097528848513,,,,,,,,,,,,,,,,,,,,,,,,,,,,,,,,,,,,,,,,,,,,,,,,,,,,,,,,,,,,,,,,,,,,,,,,,,,,,,,,,,,,,,,,,,,,,,,,,,,,,,,,,,,,,,,,,,,,
0.0167553335195407,0.00295923778321594,7.91740603744984e-06,0.0152547210717306,5.05801787012011e-05,0.000297002186859189,0.000297002186859189,6.35372098936951e-06,0.000297002261504531,3.34565993398428e-06,0.000297002186859189,0.0502248491868045,5.20434696227312e-06,0.000297014753080773,0.000297002186859189,8.79552680999041e-06,0.00298692088291036,0.0167129590408877,0.0335123541299254,0.0029591042548418,0.0029591042548418,0.00301232650953076,0.0152081275591627,0.0295751122222225,0.0167570206103846,0.0167553335195407,1.43747448293208e-06,9.47422813624144e-06,0.000104796121282639,1.82124722287388e-05,3.7680147215724e-06,0.00303420072951577,9.4226561486721e-06,4.03821468353271e-06,3.76797924039711e-06,9.42264086275894e-06,9.61617448775043e-05,4.03826807973771e-06,3.56076242265203e-06,3.32326158093144e-05,0.0502248491868045,1.11466182525465e-05,4.1525584342849e-05,2.19559048837215e-06,1.11466506496072e-05,0.018220454105176,5.54276241111588e-06,0.00025403406471014,2.03879350228059e-05,3.40337469400317e-06,0.0152547210717306,0.000293228361794101,5.51135744899511e-05,5.5113606679735e-05,8.42965620984158e-06,3.56076242265203e-06,1.38900477110877e-05,9.71428767577855e-06,0.000513383394095868,1.43749639391899e-06,0.0502248491868045,3.32326162606478e-05,1.60594470638518e-06,1.15513035629129e-05,0.0151378255435503,4.15255781263113e-05,3.40340193361044e-06,2.19559296965599e-06,0.0182138253574623,5.54276630282402e-06,0.000253114912203305,0.00303563755957705,0.000297002261504531,0.000594004373718379,0.000297002261504531,0.000297002261504531,0.000594004373718379,0.000594004373718379,0.000593643497611357,9.47424062245142e-06,0.00389320945517033,0.000889924116376965,7.91737049748997e-06,0.000881577935799767,0.00303475364326542,0.00390069537891536,8.79549129953472e-06,0.00390069537891536,0.00390069537891536,6.35372098936951e-06,3.34568745151285e-06,0.000297014753080773,5.5113606679735e-05,8.42965620984158e-06,0.00296651748176577,2.03879317268729e-05,,,,,,,,,,,,,,,,,,,,,,
0.0167553335195407,0.00295923778321594,7.91740603744984e-06,0.0152547210717306,5.05801787012011e-05,0.000297002186859189,0.000297002186859189,6.35372098936951e-06,0.000297002261504531,3.34565993398428e-06,0.000297002186859189,0.0502248491868045,5.20434696227312e-06,0.000297014753080773,0.000297002186859189,8.79552680999041e-06,0.00298692088291036,0.0167129590408877,0.0335123541299254,0.0029591042548418,0.0029591042548418,0.00301232650953076,0.0152081275591627,0.0295751122222225,0.0167570206103846,0.0167553335195407,1.43747448293208e-06,9.47422813624144e-06,0.000104796121282639,1.82124722287388e-05,3.7680147215724e-06,0.00303420072951577,9.4226561486721e-06,4.03821468353271e-06,3.76797924039711e-06,9.42264086275894e-06,9.61617448775043e-05,4.03826807973771e-06,3.56076242265203e-06,3.32326158093144e-05,0.0502248491868045,1.11466182525465e-05,4.1525584342849e-05,2.19559048837215e-06,1.11466506496072e-05,0.018220454105176,5.54276241111588e-06,0.00025403406471014,2.03879350228059e-05,3.40337469400317e-06,0.0152547210717306,0.000293228361794101,5.51135744899511e-05,5.5113606679735e-05,8.42965620984158e-06,3.56076242265203e-06,1.38900477110877e-05,9.71428767577855e-06,0.000513383394095868,1.43749639391899e-06,0.0502248491868045,3.32326162606478e-05,1.60594470638518e-06,1.15513035629129e-05,0.0151378255435503,4.15255781263113e-05,3.40340193361044e-06,2.19559296965599e-06,0.0182138253574623,5.54276630282402e-06,0.000253114912203305,0.00303563755957705,0.000297002261504531,0.000594004373718379,0.000297002261504531,0.000297002261504531,0.000594004373718379,0.000594004373718379,0.000593643497611357,9.47424062245142e-06,0.00389320945517033,0.000889924116376965,7.91737049748997e-06,0.000881577935799767,0.00303475364326542,0.00390069537891536,8.79549129953472e-06,0.00390069537891536,0.00390069537891536,6.35372098936951e-06,3.34568745151285e-06,0.000297014753080773,5.5113606679735e-05,8.42965620984158e-06,0.00296651748176577,2.03879317268729e-05,,,,,,,,,,,,,,,,,,,,,,
0.0167553335195407,0.00295923778321594,7.91740603744984e-06,0.0152547210717306,5.05801787012011e-05,0.000297002186859189,0.000297002186859189,6.35372098936951e-06,0.000297002261504531,3.34565993398428e-06,0.000297002186859189,0.0502248491868045,5.20434696227312e-06,0.000297014753080773,0.000297002186859189,8.79552680999041e-06,0.00298692088291036,0.0167129590408877,0.0335123541299254,0.0029591042548418,0.0029591042548418,0.00301232650953076,0.0152081275591627,0.0295751122222225,0.0167570206103846,0.0167553335195407,1.43747448293208e-06,9.47422813624144e-06,0.000104796121282639,1.82124722287388e-05,3.7680147215724e-06,0.00303420072951577,9.4226561486721e-06,4.03821468353271e-06,3.76797924039711e-06,9.42264086275894e-06,9.61617448775043e-05,4.03826807973771e-06,3.56076242265203e-06,3.32326158093144e-05,0.0502248491868045,1.11466182525465e-05,4.1525584342849e-05,2.19559048837215e-06,1.11466506496072e-05,0.018220454105176,5.54276241111588e-06,0.00025403406471014,2.03879350228059e-05,3.40337469400317e-06,0.0152547210717306,0.000293228361794101,5.51135744899511e-05,5.5113606679735e-05,8.42965620984158e-06,3.56076242265203e-06,1.38900477110877e-05,9.71428767577855e-06,0.000513383394095868,1.43749639391899e-06,0.0502248491868045,3.32326162606478e-05,1.60594470638518e-06,1.15513035629129e-05,0.0151378255435503,4.15255781263113e-05,3.40340193361044e-06,2.19559296965599e-06,0.0182138253574623,5.54276630282402e-06,0.000253114912203305,0.00303563755957705,0.000297002261504531,0.000594004373718379,0.000297002261504531,0.000297002261504531,0.000594004373718379,0.000594004373718379,0.000593643497611357,9.47424062245142e-06,0.00389320945517033,0.000889924116376965,7.91737049748997e-06,0.000881577935799767,0.00303475364326542,0.00390069537891536,8.79549129953472e-06,0.00390069537891536,0.00390069537891536,6.35372098936951e-06,3.34568745151285e-06,0.000297014753080773,5.5113606679735e-05,8.42965620984158e-06,0.00296651748176577,2.03879317268729e-05,,,,,,,,,,,,,,,,,,,,,,
0.00100463658572032,0.00100463658572032,0.00100463658572032,,,,,,,,,,,,,,,,,,,,,,,,,,,,,,,,,,,,,,,,,,,,,,,,,,,,,,,,,,,,,,,,,,,,,,,,,,,,,,,,,,,,,,,,,,,,,,,,,,,,,,,,,,,,,,,,,,,
0.00100463658572032,0.00100463658572032,0.00100463658572032,,,,,,,,,,,,,,,,,,,,,,,,,,,,,,,,,,,,,,,,,,,,,,,,,,,,,,,,,,,,,,,,,,,,,,,,,,,,,,,,,,,,,,,,,,,,,,,,,,,,,,,,,,,,,,,,,,,
0.00235134084612536,0.00235134083777666,0.00235134084612536,,,,,,,,,,,,,,,,,,,,,,,,,,,,,,,,,,,,,,,,,,,,,,,,,,,,,,,,,,,,,,,,,,,,,,,,,,,,,,,,,,,,,,,,,,,,,,,,,,,,,,,,,,,,,,,,,,,
0.00319617611446888,0.00319617611446888,0.00159808772150427,0.00159808768677093,,,,,,,,,,,,,,,,,,,,,,,,,,,,,,,,,,,,,,,,,,,,,,,,,,,,,,,,,,,,,,,,,,,,,,,,,,,,,,,,,,,,,,,,,,,,,,,,,,,,,,,,,,,,,,,,,,
0.0195212784456089,0.00345290591940284,9.20635648071766e-06,0.0177717666389532,5.88144688985492e-05,0.000346622020370807,0.000346622020370807,7.38812977283104e-06,0.000346621964126825,0.000346622020370807,0.058518883451957,0.0488392371917143,1.39870680868626e-05,0.000346636632418766,0.000346622020370807,1.02274352684617e-05,0.00349125352446056,0.0194716490805149,0.0390484863892198,0.00345275073777884,0.00345275073777884,1.16270153045794e-06,0.000340288955394201,0.00352476299261127,0.0177167771616951,0.0344464776915867,0.0195272079436108,0.0195212784456089,2.01892472164681e-06,1.10167311504483e-05,0.000119015411127904,4.38140705227852e-06,0.0035357488017504,1.09566608443856e-05,4.69572842121124e-06,4.38141990433041e-06,1.09566809139584e-05,0.000113437681976497,4.69571274541291e-06,3.4524052442593e-06,3.89990332676088e-05,0.058518883451957,4.00241012300274e-06,4.86421285368407e-05,2.55304056996294e-06,4.00235876441002e-06,0.0212415400892496,6.44514420161148e-06,0.000295869074761868,2.37071646678423e-05,3.95745641757535e-06,0.0177717666389532,0.000342156353713777,6.48965360596776e-05,6.4896529828733e-05,9.80181317205425e-06,3.4524052442593e-06,1.61513977733723e-05,1.12958088841729e-05,2.0188745111227e-06,0.000340288955394201,0.058518883451957,3.89990163967013e-05,1.86739831957504e-06,1.39840510407444e-05,0.0176256827378463,4.86421631649137e-05,3.95742245018482e-06,2.55298800766468e-06,3.31867769685218e-06,0.0212245173176902,6.44510146230459e-06,0.000295869074761868,0.00353741955294837,0.000346621964126825,0.000693089142328452,0.000346621964126825,0.000346621964126825,0.000693089142328452,0.000693089142328452,0.000692669514284499,1.10166813013669e-05,0.00453825276613923,0.00103845249266334,9.20639001276199e-06,0.00102867248303998,0.0035368340005503,0.00454695742537598,1.02274712906331e-05,0.00454695742537598,0.00454695742537598,7.38812977283104e-06,0.000346636632418766,6.4896529828733e-05,9.80181317205425e-06,0.00344769941209461,2.37071653828025e-05,,,,,,,,,,,,,,,,,,,,,
0.0195212784456089,0.00345290591940284,9.20635648071766e-06,0.0177717666389532,5.88144688985492e-05,0.000346622020370807,0.000346622020370807,7.38812977283104e-06,0.000346621964126825,0.000346622020370807,0.058518883451957,0.0488392371917143,1.39870680868626e-05,0.000346636632418766,0.000346622020370807,1.02274352684617e-05,0.00349125352446056,0.0194716490805149,0.0390484863892198,0.00345275073777884,0.00345275073777884,1.16270153045794e-06,0.000340288955394201,0.00352476299261127,0.0177167771616951,0.0344464776915867,0.0195272079436108,0.0195212784456089,2.01892472164681e-06,1.10167311504483e-05,0.000119015411127904,4.38140705227852e-06,0.0035357488017504,1.09566608443856e-05,4.69572842121124e-06,4.38141990433041e-06,1.09566809139584e-05,0.000113437681976497,4.69571274541291e-06,3.4524052442593e-06,3.89990332676088e-05,0.058518883451957,4.00241012300274e-06,4.86421285368407e-05,2.55304056996294e-06,4.00235876441002e-06,0.0212415400892496,6.44514420161148e-06,0.000295869074761868,2.37071646678423e-05,3.95745641757535e-06,0.0177717666389532,0.000342156353713777,6.48965360596776e-05,6.4896529828733e-05,9.80181317205425e-06,3.4524052442593e-06,1.61513977733723e-05,1.12958088841729e-05,2.0188745111227e-06,0.000340288955394201,0.058518883451957,3.89990163967013e-05,1.86739831957504e-06,1.39840510407444e-05,0.0176256827378463,4.86421631649137e-05,3.95742245018482e-06,2.55298800766468e-06,3.31867769685218e-06,0.0212245173176902,6.44510146230459e-06,0.000295869074761868,0.00353741955294837,0.000346621964126825,0.000693089142328452,0.000346621964126825,0.000346621964126825,0.000693089142328452,0.000693089142328452,0.000692669514284499,1.10166813013669e-05,0.00453825276613923,0.00103845249266334,9.20639001276199e-06,0.00102867248303998,0.0035368340005503,0.00454695742537598,1.02274712906331e-05,0.00454695742537598,0.00454695742537598,7.38812977283104e-06,0.000346636632418766,6.4896529828733e-05,9.80181317205425e-06,0.00344769941209461,2.37071653828025e-05,,,,,,,,,,,,,,,,,,,,,
0.0195212784456089,0.00345290591940284,9.20635648071766e-06,0.0177717666389532,5.88144688985492e-05,0.000346622020370807,0.000346622020370807,7.38812977283104e-06,0.000346621964126825,0.000346622020370807,0.058518883451957,0.0488392371917143,1.39870680868626e-05,0.000346636632418766,0.000346622020370807,1.02274352684617e-05,0.00349125352446056,0.0194716490805149,0.0390484863892198,0.00345275073777884,0.00345275073777884,1.16270153045794e-06,0.000340288955394201,0.00352476299261127,0.0177167771616951,0.0344464776915867,0.0195272079436108,0.0195212784456089,2.01892472164681e-06,1.10167311504483e-05,0.000119015411127904,4.38140705227852e-06,0.0035357488017504,1.09566608443856e-05,4.69572842121124e-06,4.38141990433041e-06,1.09566809139584e-05,0.000113437681976497,4.69571274541291e-06,3.4524052442593e-06,3.89990332676088e-05,0.058518883451957,4.00241012300274e-06,4.86421285368407e-05,2.55304056996294e-06,4.00235876441002e-06,0.0212415400892496,6.44514420161148e-06,0.000295869074761868,2.37071646678423e-05,3.95745641757535e-06,0.0177717666389532,0.000342156353713777,6.48965360596776e-05,6.4896529828733e-05,9.80181317205425e-06,3.4524052442593e-06,1.61513977733723e-05,1.12958088841729e-05,2.0188745111227e-06,0.000340288955394201,0.058518883451957,3.89990163967013e-05,1.86739831957504e-06,1.39840510407444e-05,0.0176256827378463,4.86421631649137e-05,3.95742245018482e-06,2.55298800766468e-06,3.31867769685218e-06,0.0212245173176902,6.44510146230459e-06,0.000295869074761868,0.00353741955294837,0.000346621964126825,0.000693089142328452,0.000346621964126825,0.000346621964126825,0.000693089142328452,0.000693089142328452,0.000692669514284499,1.10166813013669e-05,0.00453825276613923,0.00103845249266334,9.20639001276199e-06,0.00102867248303998,0.0035368340005503,0.00454695742537598,1.02274712906331e-05,0.00454695742537598,0.00454695742537598,7.38812977283104e-06,0.000346636632418766,6.4896529828733e-05,9.80181317205425e-06,0.00344769941209461,2.37071653828025e-05,,,,,,,,,,,,,,,,,,,,,
0.0152996906393215,0.0152996906545013,,,,,,,,,,,,,,,,,,,,,,,,,,,,,,,,,,,,,,,,,,,,,,,,,,,,,,,,,,,,,,,,,,,,,,,,,,,,,,,,,,,,,,,,,,,,,,,,,,,,,,,,,,,,,,,,,,,,
0.00612147378341041,0.0061214737361297,0.0061214737361297,0.00612147378341041,,,,,,,,,,,,,,,,,,,,,,,,,,,,,,,,,,,,,,,,,,,,,,,,,,,,,,,,,,,,,,,,,,,,,,,,,,,,,,,,,,,,,,,,,,,,,,,,,,,,,,,,,,,,,,,,,,
0.00684504769742489,0.00684504774470559,0.00684504769742489,0.00684504758100957,0.00684504766183982,0.00684504774470559,,,,,,,,,,,,,,,,,,,,,,,,,,,,,,,,,,,,,,,,,,,,,,,,,,,,,,,,,,,,,,,,,,,,,,,,,,,,,,,,,,,,,,,,,,,,,,,,,,,,,,,,,,,,,,,,
0.00689097627078702,0.00689097662003299,0.00689097621943802,0.00689097627078702,0.00689097621943802,0.00689097619184116,0.00689097621943802,,,,,,,,,,,,,,,,,,,,,,,,,,,,,,,,,,,,,,,,,,,,,,,,,,,,,,,,,,,,,,,,,,,,,,,,,,,,,,,,,,,,,,,,,,,,,,,,,,,,,,,,,,,,,,,
0.0129665214335546,0.0129665214335546,,,,,,,,,,,,,,,,,,,,,,,,,,,,,,,,,,,,,,,,,,,,,,,,,,,,,,,,,,,,,,,,,,,,,,,,,,,,,,,,,,,,,,,,,,,,,,,,,,,,,,,,,,,,,,,,,,,,
,,,,,,,,,,,,,,,,,,,,,,,,,,,,,,,,,,,,,,,,,,,,,,,,,,,,,,,,,,,,,,,,,,,,,,,,,,,,,,,,,,,,,,,,,,,,,,,,,,,,,,,,,,,,,,,,,,,,,
0.000264987626565466,0.000264987626565466,0.000264987626565466,0.000264987626565466,,,,,,,,,,,,,,,,,,,,,,,,,,,,,,,,,,,,,,,,,,,,,,,,,,,,,,,,,,,,,,,,,,,,,,,,,,,,,,,,,,,,,,,,,,,,,,,,,,,,,,,,,,,,,,,,,,
0.00601144495885819,0.00601144453868561,0.00601144437678158,0.00601144499632765,0.00601144499632765,,,,,,,,,,,,,,,,,,,,,,,,,,,,,,,,,,,,,,,,,,,,,,,,,,,,,,,,,,,,,,,,,,,,,,,,,,,,,,,,,,,,,,,,,,,,,,,,,,,,,,,,,,,,,,,,,
0.000235134084612536,0.000235134037211537,0.000235134084612536,,,,,,,,,,,,,,,,,,,,,,,,,,,,,,,,,,,,,,,,,,,,,,,,,,,,,,,,,,,,,,,,,,,,,,,,,,,,,,,,,,,,,,,,,,,,,,,,,,,,,,,,,,,,,,,,,,,
1.41235068440437e-06,3.73043657909879e-06,3.50417323308812e-06,4.25628555112082e-06,4.25628555112082e-06,4.25626058131456e-06,4.49852086603642e-06,4.25628555112082e-06,3.73043657909879e-06,3.50417323308812e-06,3.61072315247039e-06,4.25909750623988e-06,4.25628555112082e-06,3.50417323308812e-06,3.73043657909879e-06,1.27949786274525e-06,3.73043657909879e-06,1.42310295769832e-06,3.73043657909879e-06,3.73043657909879e-06,3.50417323308812e-06,3.73043657909879e-06,5.35626970125762e-06,2.31602348539682e-06,2.10851430892944e-06,2.31602348539682e-06,2.10851313041729e-06,3.06607355646206e-06,4.07539999105686e-06,3.73048691256785e-06,3.68204708300901e-06,4.74448234524024e-06,6.97642500846474e-06,2.76674641252334e-06,3.06607355646206e-06,1.82642215085932e-06,0.000332632357913659,0.000332594732753932,3.73043657909879e-06,3.73043657909879e-06,0.00033270101994276,4.07535117119551e-06,1.30865357853352e-06,3.50417323308812e-06,1.384297140904e-06,3.73052898794413e-06,3.68204708302029e-06,5.99806662648916e-06,1.54755409620443e-06,4.74450644105673e-06,4.25626058131456e-06,4.25626058131456e-06,4.25626058131456e-06,3.7304125726223e-06,1.41230188350095e-06,3.61072315247039e-06,2.31596641242504e-06,4.49849256590448e-06,4.25909750623988e-06,2.8237315896594e-06,,,,,,,,,,,,,,,,,,,,,,,,,,,,,,,,,,,,,,,,,,,,,,,,,,,,,,,,,,
1.42643693834543e-06,3.65548780238435e-06,3.83498107429416e-06,3.83218889392296e-06,3.83218889392296e-06,3.83215956389904e-06,4.00550197809935e-06,3.83218889392296e-06,3.65548780238435e-06,3.83498107429416e-06,3.06239783482024e-06,3.83502890756543e-06,3.83218889392296e-06,3.83498107429416e-06,3.65548780238435e-06,1.91181130421159e-06,3.65548780238435e-06,1.98814086616039e-06,2.89420131593943e-06,3.65548780238435e-06,3.65548780238435e-06,3.83498107429416e-06,1.86043298117632e-06,3.65548780238353e-06,4.55333854016944e-06,2.87772217996696e-06,2.12958548218012e-06,2.12955250072054e-06,2.98444700624163e-06,4.11628404384029e-06,3.65576752826759e-06,3.3569180615256e-06,5.08766635917441e-06,7.08554244566173e-06,1.00126072092623e-06,1.41376707140381e-06,2.98444700624163e-06,2.52694030160837e-06,0.000332632357913659,0.000332632334902883,3.65548780238435e-06,3.65548780238435e-06,0.000332701718434691,4.11632936447859e-06,2.00056043094671e-06,3.83498107429416e-06,3.65579035133123e-06,3.35691806153254e-06,2.20239969001857e-06,5.08769880980253e-06,3.83215956389904e-06,3.83215956389904e-06,3.83215956389904e-06,3.65544110536575e-06,1.4263942511878e-06,3.06239783482024e-06,4.00551122969021e-06,3.83502890756543e-06,2.97692525513121e-06,1.00128818303347e-06,,,,,,,,,,,,,,,,,,,,,,,,,,,,,,,,,,,,,,,,,,,,,,,,,,,,,,,,,,
2.80104577541351e-05,7.38550128519901e-05,4.88349557295027e-05,4.84335091222032e-06,8.06005407868678e-05,9.1042098352552e-05,8.06005407868678e-05,9.1042098352552e-05,1.73919196817841e-05,9.98192699626088e-05,8.06005407868678e-05,9.1042098352552e-05,8.06005407868678e-05,9.85009828582406e-05,9.1042098352552e-05,2.42301569597912e-05,4.9624855892199e-05,4.88349557295027e-05,8.03049393966716e-05,8.06005407868678e-05,9.10978683453118e-05,9.1042098352552e-05,4.88349557295027e-05,7.38550128519901e-05,3.1639214049774e-05,7.38550128519901e-05,1.40100019052625e-05,2.44262628257275e-05,7.38550128519901e-05,7.38550128519901e-05,4.88349557295027e-05,1.08064509431911e-05,7.38550128519901e-05,4.4376979953225e-06,3.11678741127253e-06,8.56061233207583e-05,1.08434843065747e-06,2.3184070586324e-05,7.70565614250187e-06,4.08029399930239e-05,1.76847679540515e-05,4.18184790760279e-05,1.79221387952566e-05,5.96744545692668e-05,4.08029399930239e-05,1.76848077041427e-05,7.1273233604389e-06,4.18185059996544e-05,9.52638943127124e-06,1.79221876733249e-05,0.0127115222845282,8.29747177995711e-06,6.0678585991136e-05,1.53219004014118e-05,8.08284732698814e-05,7.38550118117553e-05,5.24692896206602e-05,8.29750206321478e-06,2.62891203438478e-05,7.34342211074317e-05,0.000135772618723884,1.75906323270376e-05,1.70288463607286e-05,5.79133508190888e-05,6.0678585991136e-05,5.22663022744368e-06,1.36017104086019e-06,1.68770617548948e-05,7.70564656704664e-06,7.38550128519901e-05,7.38550128519901e-05,1.53218861669302e-05,8.08284385129809e-05,2.29151224507926e-05,0.0129407684328062,0.0129133130683217,3.04463967584663e-05,4.88349557295027e-05,1.14986285072371e-05,1.149857416749e-05,1.14986285072371e-05,7.38550443202257e-05,1.70288840308785e-05,5.24692896206602e-05,2.62891408056021e-05,9.47004562411396e-05,1.51590496328645e-05,7.34342029318213e-05,3.13920332099815e-06,4.36476800487603e-06,2.01200973879898e-06,9.85009828582406e-05,2.08831151313684e-05,9.10421367734671e-05,9.10421367734671e-05,2.08831151313683e-05,2.08831151313683e-05,3.11682959836836e-06,7.38550443202257e-05,0.000107121231250435,2.80104277922332e-05,1.73919196817841e-05,8.03049393966716e-05,9.98192868603028e-05,9.10978683453118e-05,2.3184070586324e-05,1.75905879586935e-05,,,,,,,,,,,
0.00280997711689721,0.00280997711689721,0.00280997715890408,0.00280997711689721,0.00280997711689721,0.00280997715890408,,,,,,,,,,,,,,,,,,,,,,,,,,,,,,,,,,,,,,,,,,,,,,,,,,,,,,,,,,,,,,,,,,,,,,,,,,,,,,,,,,,,,,,,,,,,,,,,,,,,,,,,,,,,,,,,
0.00280997711689721,0.00280997711689721,0.00280997715890408,0.00280997711689721,0.00280997711689721,0.00280997715890408,,,,,,,,,,,,,,,,,,,,,,,,,,,,,,,,,,,,,,,,,,,,,,,,,,,,,,,,,,,,,,,,,,,,,,,,,,,,,,,,,,,,,,,,,,,,,,,,,,,,,,,,,,,,,,,,
0.00280997711689721,0.00280997711689721,0.00280997715890408,0.00280997711689721,0.00280997711689721,0.00280997715890408,,,,,,,,,,,,,,,,,,,,,,,,,,,,,,,,,,,,,,,,,,,,,,,,,,,,,,,,,,,,,,,,,,,,,,,,,,,,,,,,,,,,,,,,,,,,,,,,,,,,,,,,,,,,,,,,
0.00280997711689721,0.00280997711689721,0.00280997715890408,0.00280997711689721,0.00280997711689721,0.00280997715890408,,,,,,,,,,,,,,,,,,,,,,,,,,,,,,,,,,,,,,,,,,,,,,,,,,,,,,,,,,,,,,,,,,,,,,,,,,,,,,,,,,,,,,,,,,,,,,,,,,,,,,,,,,,,,,,,
0.00280997711689721,0.00280997711689721,0.00280997715890408,0.00280997711689721,0.00280997711689721,0.00280997715890408,,,,,,,,,,,,,,,,,,,,,,,,,,,,,,,,,,,,,,,,,,,,,,,,,,,,,,,,,,,,,,,,,,,,,,,,,,,,,,,,,,,,,,,,,,,,,,,,,,,,,,,,,,,,,,,,
0.00280997711689721,0.00280997711689721,0.00280997715890408,0.00280997711689721,0.00280997711689721,0.00280997715890408,,,,,,,,,,,,,,,,,,,,,,,,,,,,,,,,,,,,,,,,,,,,,,,,,,,,,,,,,,,,,,,,,,,,,,,,,,,,,,,,,,,,,,,,,,,,,,,,,,,,,,,,,,,,,,,,
0.00280997711689721,0.00280997711689721,0.00280997715890408,0.00280997711689721,0.00280997711689721,0.00280997715890408,,,,,,,,,,,,,,,,,,,,,,,,,,,,,,,,,,,,,,,,,,,,,,,,,,,,,,,,,,,,,,,,,,,,,,,,,,,,,,,,,,,,,,,,,,,,,,,,,,,,,,,,,,,,,,,,
0.00280997711689721,0.00280997711689721,0.00280997715890408,0.00280997711689721,0.00280997711689721,0.00280997715890408,,,,,,,,,,,,,,,,,,,,,,,,,,,,,,,,,,,,,,,,,,,,,,,,,,,,,,,,,,,,,,,,,,,,,,,,,,,,,,,,,,,,,,,,,,,,,,,,,,,,,,,,,,,,,,,,
0.00280997711689721,0.00280997711689721,0.00280997715890408,0.00280997711689721,0.00280997711689721,0.00280997715890408,,,,,,,,,,,,,,,,,,,,,,,,,,,,,,,,,,,,,,,,,,,,,,,,,,,,,,,,,,,,,,,,,,,,,,,,,,,,,,,,,,,,,,,,,,,,,,,,,,,,,,,,,,,,,,,,
1.7809153642855e-06,1.23551780748486e-06,2.47163456582913e-06,2.47163456582913e-06,2.47161369770765e-06,2.57103238254786e-06,2.47163456582913e-06,1.7809153642855e-06,1.23551780748486e-06,2.17114235039971e-06,2.47310720024171e-06,2.47163456582913e-06,1.23551780748486e-06,1.7809153642855e-06,1.7809153642855e-06,1.7809153642855e-06,1.7809153642855e-06,1.23551780748486e-06,1.7809153642855e-06,2.89267381992087e-06,1.07461728714998e-06,1.10419932752848e-06,1.76123963988372e-06,1.07461728714998e-06,1.10423846176252e-06,1.47404100861795e-06,2.1342679443169e-06,1.78091554430785e-06,1.2579432316917e-06,1.48361220729141e-06,1.885073651532e-06,3.21662314894944e-06,1.47361099294904e-06,1.47404100861795e-06,0.0001743287098656,1.04472769255331e-06,0.000174328684806824,1.7809153642855e-06,1.7809153642855e-06,2.1342420950532e-06,1.23551780748486e-06,1.78092159330845e-06,1.25794323170472e-06,0.00017434754408896,1.48359686136246e-06,1.22631114924917e-06,1.88511330634356e-06,2.47161369770765e-06,2.47161369770765e-06,2.47161369770765e-06,1.78092159330845e-06,2.17114235039971e-06,2.57102867316398e-06,2.47310720024171e-06,,,,,,,,,,,,,,,,,,,,,,,,,,,,,,,,,,,,,,,,,,,,,,,,,,,,,,,,,,,,,,,,
1.7809153642855e-06,1.23551780748486e-06,2.47163456582913e-06,2.47163456582913e-06,2.47161369770765e-06,2.57103238254786e-06,2.47163456582913e-06,1.7809153642855e-06,1.23551780748486e-06,2.17114235039971e-06,2.47310720024171e-06,2.47163456582913e-06,1.23551780748486e-06,1.7809153642855e-06,1.7809153642855e-06,1.7809153642855e-06,1.7809153642855e-06,1.23551780748486e-06,1.7809153642855e-06,2.89267381992087e-06,1.07461728714998e-06,1.10419932752848e-06,1.76123963988372e-06,1.07461728714998e-06,1.10423846176252e-06,1.47404100861795e-06,2.1342679443169e-06,1.78091554430785e-06,1.2579432316917e-06,1.48361220729141e-06,1.885073651532e-06,3.21662314894944e-06,1.47361099294904e-06,1.47404100861795e-06,0.0001743287098656,1.04472769255331e-06,0.000174328684806824,1.7809153642855e-06,1.7809153642855e-06,2.1342420950532e-06,1.23551780748486e-06,1.78092159330845e-06,1.25794323170472e-06,0.00017434754408896,1.48359686136246e-06,1.22631114924917e-06,1.88511330634356e-06,2.47161369770765e-06,2.47161369770765e-06,2.47161369770765e-06,1.78092159330845e-06,2.17114235039971e-06,2.57102867316398e-06,2.47310720024171e-06,,,,,,,,,,,,,,,,,,,,,,,,,,,,,,,,,,,,,,,,,,,,,,,,,,,,,,,,,,,,,,,,
0.00601144558661559,0.0060114428633824,0.00601144309621304,0.00601144499632765,0.00601144495885819,0.00601144495885819,0.00601144558661559,,,,,,,,,,,,,,,,,,,,,,,,,,,,,,,,,,,,,,,,,,,,,,,,,,,,,,,,,,,,,,,,,,,,,,,,,,,,,,,,,,,,,,,,,,,,,,,,,,,,,,,,,,,,,,,
0.00601144558661559,0.0060114428633824,0.00601144309621304,0.00601144499632765,0.00601144495885819,0.00601144495885819,0.00601144558661559,,,,,,,,,,,,,,,,,,,,,,,,,,,,,,,,,,,,,,,,,,,,,,,,,,,,,,,,,,,,,,,,,,,,,,,,,,,,,,,,,,,,,,,,,,,,,,,,,,,,,,,,,,,,,,,
1.36287417262793e-05,1.36287908915547e-05,1.36290617451726e-05,1.36287417262793e-05,1.36290617451726e-05,,,,,,,,,,,,,,,,,,,,,,,,,,,,,,,,,,,,,,,,,,,,,,,,,,,,,,,,,,,,,,,,,,,,,,,,,,,,,,,,,,,,,,,,,,,,,,,,,,,,,,,,,,,,,,,,,
0.000546150081881349,0.000546150025911629,0.000546150142326951,0.000546150081881349,,,,,,,,,,,,,,,,,,,,,,,,,,,,,,,,,,,,,,,,,,,,,,,,,,,,,,,,,,,,,,,,,,,,,,,,,,,,,,,,,,,,,,,,,,,,,,,,,,,,,,,,,,,,,,,,,,
0.000546150081881349,0.000546150025911629,0.000546150142326951,0.000546150081881349,,,,,,,,,,,,,,,,,,,,,,,,,,,,,,,,,,,,,,,,,,,,,,,,,,,,,,,,,,,,,,,,,,,,,,,,,,,,,,,,,,,,,,,,,,,,,,,,,,,,,,,,,,,,,,,,,,
0.026508447364904,0.0265084475848725,0.02650844771415,0.0265084476861944,0.0265084475977346,0.0265084475977346,,,,,,,,,,,,,,,,,,,,,,,,,,,,,,,,,,,,,,,,,,,,,,,,,,,,,,,,,,,,,,,,,,,,,,,,,,,,,,,,,,,,,,,,,,,,,,,,,,,,,,,,,,,,,,,,
0.0265084479254047,0.0265084475848725,0.0265084478089893,0.0265084478305653,0.02650844771415,0.0265084475848725,0.0265084475848725,0.0265084475848725,,,,,,,,,,,,,,,,,,,,,,,,,,,,,,,,,,,,,,,,,,,,,,,,,,,,,,,,,,,,,,,,,,,,,,,,,,,,,,,,,,,,,,,,,,,,,,,,,,,,,,,,,,,,,,
0.026508447364904,0.0265084475848725,0.02650844771415,0.0265084476861944,0.0265084475977346,0.0265084475977346,,,,,,,,,,,,,,,,,,,,,,,,,,,,,,,,,,,,,,,,,,,,,,,,,,,,,,,,,,,,,,,,,,,,,,,,,,,,,,,,,,,,,,,,,,,,,,,,,,,,,,,,,,,,,,,,
4.25148755311966e-05,0.00011169588462849,7.85543195747909e-05,8.55642636971814e-06,0.000109457922015906,0.00012884151068364,0.000109457922015906,0.00012884151068364,2.30990106368434e-05,0.000120284501463175,5.12425322085619e-06,0.000131995300762355,0.000109457922015906,0.00012884151068364,0.000109457922015906,0.000129994470626116,8.55695727447768e-06,4.54398290740971e-05,6.62560555543951e-05,7.85543195747909e-05,0.00010900925080795,0.000109457922015906,0.000128926159778161,0.00012884151068364,7.85543195747909e-05,0.00011169588462849,6.04805860626844e-05,0.00011169588462849,4.85711498185992e-05,0.00011169588462849,0.00011169588462849,7.85543195747909e-05,1.97011839166974e-05,0.00011169588462849,1.46042943294494e-06,6.23986124992371e-06,1.46042943294476e-05,1.05549455098816e-05,1.16958382612949e-05,4.90376260131598e-06,9.06577638164099e-06,8.01855279820539e-05,2.68424628302455e-05,1.25919403974332e-06,6.34731259196997e-05,2.72027682512999e-05,8.23554942224495e-05,6.73564937831686e-06,2.68424449215814e-05,1.08180302518114e-05,6.34731778132724e-05,2.7202746195696e-05,1.25941108870364e-05,9.16963732856082e-05,4.32284263103266e-05,1.25919403974332e-06,0.000122683465425464,0.000111695977649501,8.30329574951216e-05,1.25941587612033e-05,2.28051690002655e-05,0.000115891701867263,0.000205340459252246,2.71025845107707e-05,2.58468103336434e-05,0.0195062012644485,6.00521230293253e-05,9.16963732856082e-05,2.06463933711404e-06,1.12527891844983e-05,1.16957817226648e-05,1.25914812088013e-06,1.25919403974332e-06,0.00011169588462849,0.00011169588462849,4.32283850386739e-05,0.000122683472000062,5.35655660144976e-05,9.06577638164099e-06,7.85543195747909e-05,3.37393306704143e-05,0.000111695961095393,2.58467625826597e-05,8.30329574951581e-05,2.28051794692874e-05,8.01514277477518e-06,4.01066763113241e-05,0.000115891685709357,3.03844547248314e-06,6.62495440864413e-06,3.0538788715666e-06,0.000120284501463175,0.000129994470626116,3.87671773354691e-05,0.000128841493278742,0.000128841493278742,3.87671773354691e-05,3.87671773354691e-05,4.90371877654924e-06,6.23984753897922e-06,0.000111695844680071,0.000160317083232455,4.25149302057028e-05,2.30990106368434e-05,0.00010900925080795,5.12429340046886e-06,0.000131995278327216,0.000128926159778161,6.91622262820601e-05,1.72905948881985e-05,2.71025346592069e-05,1.25919403974332e-06,0.0197326857596636,0.0197225776501,0.0197225776265852,6.91621698531431e-05,,
4.25148755311966e-05,0.00011169588462849,7.85543195747909e-05,8.55642636971814e-06,0.000109457922015906,0.00012884151068364,0.000109457922015906,0.00012884151068364,2.30990106368434e-05,0.000120284501463175,5.12425322085619e-06,0.000131995300762355,0.000109457922015906,0.00012884151068364,0.000109457922015906,0.000129994470626116,8.55695727447768e-06,4.54398290740971e-05,6.62560555543951e-05,7.85543195747909e-05,0.00010900925080795,0.000109457922015906,0.000128926159778161,0.00012884151068364,7.85543195747909e-05,0.00011169588462849,6.04805860626844e-05,0.00011169588462849,4.85711498185992e-05,0.00011169588462849,0.00011169588462849,7.85543195747909e-05,1.97011839166974e-05,0.00011169588462849,1.46042943294494e-06,6.23986124992371e-06,1.46042943294476e-05,1.05549455098816e-05,1.16958382612949e-05,4.90376260131598e-06,9.06577638164099e-06,8.01855279820539e-05,2.68424628302455e-05,1.25919403974332e-06,6.34731259196997e-05,2.72027682512999e-05,8.23554942224495e-05,6.73564937831686e-06,2.68424449215814e-05,1.08180302518114e-05,6.34731778132724e-05,2.7202746195696e-05,1.25941108870364e-05,9.16963732856082e-05,4.32284263103266e-05,1.25919403974332e-06,0.000122683465425464,0.000111695977649501,8.30329574951216e-05,1.25941587612033e-05,2.28051690002655e-05,0.000115891701867263,0.000205340459252246,2.71025845107707e-05,2.58468103336434e-05,0.0195062012644485,6.00521230293253e-05,9.16963732856082e-05,2.06463933711404e-06,1.12527891844983e-05,1.16957817226648e-05,1.25914812088013e-06,1.25919403974332e-06,0.00011169588462849,0.00011169588462849,4.32283850386739e-05,0.000122683472000062,5.35655660144976e-05,9.06577638164099e-06,7.85543195747909e-05,3.37393306704143e-05,0.000111695961095393,2.58467625826597e-05,8.30329574951581e-05,2.28051794692874e-05,8.01514277477518e-06,4.01066763113241e-05,0.000115891685709357,3.03844547248314e-06,6.62495440864413e-06,3.0538788715666e-06,0.000120284501463175,0.000129994470626116,3.87671773354691e-05,0.000128841493278742,0.000128841493278742,3.87671773354691e-05,3.87671773354691e-05,4.90371877654924e-06,6.23984753897922e-06,0.000111695844680071,0.000160317083232455,4.25149302057028e-05,2.30990106368434e-05,0.00010900925080795,5.12429340046886e-06,0.000131995278327216,0.000128926159778161,6.91622262820601e-05,1.72905948881985e-05,2.71025346592069e-05,1.25919403974332e-06,0.0197326857596636,0.0197225776501,0.0197225776265852,6.91621698531431e-05,,
,,,,,,,,,,,,,,,,,,,,,,,,,,,,,,,,,,,,,,,,,,,,,,,,,,,,,,,,,,,,,,,,,,,,,,,,,,,,,,,,,,,,,,,,,,,,,,,,,,,,,,,,,,,,,,,,,,,,,
0.00276524678338319,0.00234518035089257,0.000168473576195538,4.04341779225654e-05,4.04341779225654e-05,4.04341779225655e-05,4.04341779225654e-05,0.00746010030632981,4.04341779225654e-05,4.04341779225654e-05,0.000404341728426516,0.000176897932419806,0.000168473593286679,0.00553049345035106,0.0004043416888018,0.000525643037699922,0.00181953678838909,0.00329538311521244,0.00276524666696787,0.00276524678338319,0.000348745219634683,0.000348745219634683,0.000613250823499348,0.00746010030632981,0.000835640232786084,0.000134781239339965,0.000222387857101977,0.000613251657479461,0.00234517978969961,0.000222388658172413,0.00234518035089257,4.04341779225645e-05,0.000222388658172413,0.000835640714546275,0.000402658664010458,0.00746010030632981,0.000835640239529312,0.00083564031891826,0.00147079163514618,0.000222387840040028,0.000134781239339909,0.000613251700997353,0.000613251657479461,0.00234518010702831,0.000222388654947281,4.04346644240494e-05,0.000390863351171385,0.00132084741026764,8.08683558451309e-05,4.04341844841838e-05,4.04341844841838e-05,8.08683558451309e-05,8.08683558451309e-05,8.08683558451309e-05,0.000121302533767696,0.000390863351171385,0.00016847359328668,0.0004043416888018,4.04341779225654e-05,0.0004043416888018,,,,,,,,,,,,,,,,,,,,,,,,,,,,,,,,,,,,,,,,,,,,,,,,,,,,,,,,,,
0.00553049345035106,0.00469036813016397,0.000336945289745927,8.08683038002958e-05,8.08683038002958e-05,8.08683038002958e-05,8.08683038002958e-05,0.014920201468059,8.08683038002958e-05,8.08683038002958e-05,0.000808682991191745,0.000353807036914067,0.000336945253327697,0.000336945253327697,0.00385921460110694,0.0110609869007021,0.000808683038002959,0.00105129591565289,0.00363907613791525,0.00659076978935158,0.00553049345035106,0.00553049345035106,0.000697488891600925,0.00122650342741523,0.000444777719747661,0.014920201468059,0.000444777719747661,0.00167128046734477,0.000269569223746657,0.000444775413696284,0.00122650581636389,0.00469037203583866,0.000444777719747661,0.00469036813016397,0.00167128059547395,8.08683038002952e-05,0.000444777719747661,0.00167128058376009,0.00167127851282286,0.000444777775555849,0.000805314673736346,0.014920201468059,0.00167128047905862,0.00167128046734477,0.00167128059547395,0.00294158338070027,0.000444775447249413,0.000269569223746657,0.00167128054629063,0.00122650584671646,0.00122650581636389,0.00469036440487367,0.000444777775555849,0.000444777775555849,8.08608610918249e-05,0.000781727400812279,0.00264172152443998,0.000161736607600592,8.08683689683676e-05,8.08683689683676e-05,0.000161736607600592,0.000161736607600592,0.000161736607600592,0.000242604911400889,0.000781727400812279,0.000336945253327697,0.000808683038002959,8.08683038002958e-05,0.000808683038002959,,,,,,,,,,,,,,,,,,,,,,,,,,,,,,,,,,,,,,,,,,,,,,,,,
0.00255359534639865,0.00253320202491393,0.000423302757553756,5.45663522857279e-05,5.45663522857279e-05,0.000423302554146316,0.000423302709625821,0.000423302757553756,5.45663522857279e-05,5.45663522857279e-05,0.00042330270962582,0.00766078592771473,0.000599127413060632,5.45663522857279e-05,5.45663522857279e-05,0.000545663526281714,0.000423302873969078,0.000181888152541393,0.000423302691896846,0.000423302691896846,0.00553049345035106,0.000545663522857277,0.000423302757553756,0.00042330270962582,0.00035771282009962,0.00217548932414502,0.00411562635761531,0.00297689810395241,0.00255359534639865,0.00042330270962582,0.000423302593210308,0.00766078592771473,0.000181887907329981,0.0025332021759823,0.000367909992238402,0.00253320202491393,5.45663522857273e-05,0.00766078592771473,0.000423302709625821,0.000423302757553756,0.00192801153388362,0.000423302709625821,0.000181887907329981,0.000423302709625821,0.0025332021759823,5.45663020785625e-05,0.000422200356888208,0.00127679768573301,0.000109132704571456,5.45664224773645e-05,5.45664224773645e-05,0.000109132704571456,0.000109132704571456,0.000109132704571456,0.00042330270962582,0.000163699056857184,0.00042330270962582,0.000423302857244633,0.000423302691896846,0.00042330270962582,0.000545663522857277,5.45663522857279e-05,0.000545663522857277,,,,,,,,,,,,,,,,,,,,,,,,,,,,,,,,,,,,,,,,,,,,,,,,,,,,,,,
0.00276524678338319,0.00234518008439908,0.000168474391102791,4.04341532425486e-05,4.04341532425486e-05,4.04341532425486e-05,4.04341532425486e-05,0.0074601009394467,4.04341531545189e-05,4.04341532425486e-05,0.000404341612011194,0.000176897636217976,0.000168474478348286,0.000168474478348286,0.00553049345035106,0.000404341608906152,0.00329538463116569,0.00276524666696787,0.00276524678338319,0.000348744874169249,0.000348744874169249,0.000613250965604894,0.0074601009394467,0.000835639412067902,0.000134779630397208,0.000222388512360672,0.000613250705556978,0.00234518013894558,0.000222388114557115,0.000546984316854182,0.00234518008439908,4.0434108124634e-05,0.000222388153385603,0.000835639290641815,0.000402657467304834,0.0074601009394467,0.000835639424622059,0.000835639290641815,0.00147079267930461,0.000222388538531959,0.000134779630397231,0.000613250653259456,0.000613250720937659,0.00234518008439908,0.000222388072870672,4.04345337301493e-05,0.000390863351632417,0.000773843515037731,8.08683064850971e-05,4.04341844841838e-05,4.04341844841838e-05,8.08683064850971e-05,8.08683064850971e-05,8.08683090131278e-05,0.000121302467310448,0.00039086335782448,0.000168474433838823,0.000404341608906152,4.04341531545189e-05,0.000404341608906152,,,,,,,,,,,,,,,,,,,,,,,,,,,,,,,,,,,,,,,,,,,,,,,,,,,,,,,,,,
0.00553049345035106,0.00469036129145173,0.000336950877681375,8.08683369151014e-05,8.08683369151014e-05,8.08683369151014e-05,8.08683369151014e-05,0.0149202021548431,8.08683369151014e-05,8.08683369151014e-05,0.00080868334043771,0.00035379823969338,0.000336950830360382,0.00385921518318355,0.0110609869007021,0.000808683369151011,0.0065907676070438,0.00553049345035106,0.00553049345035106,0.000697489073598588,0.00122650247267245,0.000444775680153751,0.0149202021548431,0.000444775680153751,0.00167127820282938,0.000269560686362302,0.000444775637659297,0.00122650249989595,0.00469036132562906,0.000444775680153751,0.00109396852344945,0.00469036129145173,0.00167127826716751,8.08683369151039e-05,0.000444775680153751,0.00167127820282939,0.00167127820282938,0.000444775680080056,0.000805313349701464,0.0149202021548431,0.00167127815075219,0.00167127820282938,0.00167127815075219,0.00294158502097666,0.000444775680080056,0.00026956068636233,0.00167127815282619,0.00122650247067213,0.00122650249989595,0.00469036140786705,0.000444775680080056,0.000444775680080056,8.08680197224021e-05,0.000781726901311175,0.00154772857200747,0.000161736673830203,8.08683689683676e-05,8.08683689683676e-05,0.000161736673830203,0.000161736673830203,0.000161736673830203,0.000242605010745304,0.000781726901311175,0.000336950830360383,0.000808683369151011,8.08683369151014e-05,0.000808683369151011,,,,,,,,,,,,,,,,,,,,,,,,,,,,,,,,,,,,,,,,,,,,,,,,,,,
0.00105061009526253,0.000105061005350054,0.000105061005350054,0.00010506110265851,0.000105061005350054,0.00330941205807753,0.000105061005313331,0.000105061005350054,5.25305699196899e-05,0.00451762295713395,0.00105061009526253,0.00105061009526253,0.00478026753261808,0.00950801022316794,5.25304442406879e-05,0.0223779754208231,0.0223779755178839,0.0045088573225904,0.0223779754811206,0.00378218692775085,0.00451762495835273,0.00504292806035643,0.00378218689002097,0.0122921189209493,0.000105061016378465,0.00835234023930251,0.00504292803816497,0.00451762495835269,0.00504292803816497,0.00450885730599993,0.000534070760772768,0.00782703734561521,0.000315183043792426,0.000884262121981859,0.00010506110265851,0.000210122010700107,0.00010506110265851,0.00010506110265851,0.000210122010700107,0.000210122010700107,0.000210122011754711,0.000315183019213431,0.000105061005313331,0.0122921189758927,,,,,,,,,,,,,,,,,,,,,,,,,,,,,,,,,,,,,,,,,,,,,,,,,,,,,,,,,,,,,,,,,,,,,,,,,,
0.0129665215143848,0.0129665214335546,0.0129665214335546,0.0129665214335546,0.0129665215143848,,,,,,,,,,,,,,,,,,,,,,,,,,,,,,,,,,,,,,,,,,,,,,,,,,,,,,,,,,,,,,,,,,,,,,,,,,,,,,,,,,,,,,,,,,,,,,,,,,,,,,,,,,,,,,,,,
0.00174173957202584,0.00174173950380709,0.00174173945561051,0.00174173945561051,0.0017417395078329,0.00174173950380709,,,,,,,,,,,,,,,,,,,,,,,,,,,,,,,,,,,,,,,,,,,,,,,,,,,,,,,,,,,,,,,,,,,,,,,,,,,,,,,,,,,,,,,,,,,,,,,,,,,,,,,,,,,,,,,,
0.0129665214808353,0.0129665214335546,0.0129665214335546,0.0129665214808353,,,,,,,,,,,,,,,,,,,,,,,,,,,,,,,,,,,,,,,,,,,,,,,,,,,,,,,,,,,,,,,,,,,,,,,,,,,,,,,,,,,,,,,,,,,,,,,,,,,,,,,,,,,,,,,,,,
,,,,,,,,,,,,,,,,,,,,,,,,,,,,,,,,,,,,,,,,,,,,,,,,,,,,,,,,,,,,,,,,,,,,,,,,,,,,,,,,,,,,,,,,,,,,,,,,,,,,,,,,,,,,,,,,,,,,,
,,,,,,,,,,,,,,,,,,,,,,,,,,,,,,,,,,,,,,,,,,,,,,,,,,,,,,,,,,,,,,,,,,,,,,,,,,,,,,,,,,,,,,,,,,,,,,,,,,,,,,,,,,,,,,,,,,,,,
,,,,,,,,,,,,,,,,,,,,,,,,,,,,,,,,,,,,,,,,,,,,,,,,,,,,,,,,,,,,,,,,,,,,,,,,,,,,,,,,,,,,,,,,,,,,,,,,,,,,,,,,,,,,,,,,,,,,,
,,,,,,,,,,,,,,,,,,,,,,,,,,,,,,,,,,,,,,,,,,,,,,,,,,,,,,,,,,,,,,,,,,,,,,,,,,,,,,,,,,,,,,,,,,,,,,,,,,,,,,,,,,,,,,,,,,,,,
,,,,,,,,,,,,,,,,,,,,,,,,,,,,,,,,,,,,,,,,,,,,,,,,,,,,,,,,,,,,,,,,,,,,,,,,,,,,,,,,,,,,,,,,,,,,,,,,,,,,,,,,,,,,,,,,,,,,,
0.0025864749307379,0.0025864748749882,0.0025864749307379,,,,,,,,,,,,,,,,,,,,,,,,,,,,,,,,,,,,,,,,,,,,,,,,,,,,,,,,,,,,,,,,,,,,,,,,,,,,,,,,,,,,,,,,,,,,,,,,,,,,,,,,,,,,,,,,,,,
,,,,,,,,,,,,,,,,,,,,,,,,,,,,,,,,,,,,,,,,,,,,,,,,,,,,,,,,,,,,,,,,,,,,,,,,,,,,,,,,,,,,,,,,,,,,,,,,,,,,,,,,,,,,,,,,,,,,,
,,,,,,,,,,,,,,,,,,,,,,,,,,,,,,,,,,,,,,,,,,,,,,,,,,,,,,,,,,,,,,,,,,,,,,,,,,,,,,,,,,,,,,,,,,,,,,,,,,,,,,,,,,,,,,,,,,,,,
6.99910799632222e-05,6.99911033734679e-05,6.99911033734679e-05,6.99910799632213e-05,,,,,,,,,,,,,,,,,,,,,,,,,,,,,,,,,,,,,,,,,,,,,,,,,,,,,,,,,,,,,,,,,,,,,,,,,,,,,,,,,,,,,,,,,,,,,,,,,,,,,,,,,,,,,,,,,,
6.99910799632222e-05,6.99910799632222e-05,6.99910799632222e-05,6.99910799632222e-05,,,,,,,,,,,,,,,,,,,,,,,,,,,,,,,,,,,,,,,,,,,,,,,,,,,,,,,,,,,,,,,,,,,,,,,,,,,,,,,,,,,,,,,,,,,,,,,,,,,,,,,,,,,,,,,,,,
0.00056167592058931,0.000561675988137722,0.0005616758717224,0.00056167592058931,0.000561675920589311,,,,,,,,,,,,,,,,,,,,,,,,,,,,,,,,,,,,,,,,,,,,,,,,,,,,,,,,,,,,,,,,,,,,,,,,,,,,,,,,,,,,,,,,,,,,,,,,,,,,,,,,,,,,,,,,,
0.000491684840626088,0.000491684884764254,0.000491684768348932,0.000491684840626088,,,,,,,,,,,,,,,,,,,,,,,,,,,,,,,,,,,,,,,,,,,,,,,,,,,,,,,,,,,,,,,,,,,,,,,,,,,,,,,,,,,,,,,,,,,,,,,,,,,,,,,,,,,,,,,,,,
0.00056167592058931,0.00056167592058931,0.00056167592058931,0.00056167592058931,0.000561675920589311,,,,,,,,,,,,,,,,,,,,,,,,,,,,,,,,,,,,,,,,,,,,,,,,,,,,,,,,,,,,,,,,,,,,,,,,,,,,,,,,,,,,,,,,,,,,,,,,,,,,,,,,,,,,,,,,,
3.56130767613649e-05,0.00100140657741576,0.0002275162765073,3.4217955544591e-06,4.96739711471196e-06,4.96739711471196e-06,1.0081916116178e-05,4.96739711471196e-06,4.96739711471196e-06,0.000184250994493255,2.10258332985656e-06,2.10258332985656e-06,0.000532570393706723,5.26699712242257e-06,4.96739711471196e-06,0.00138166503362167,0.0166304294710429,0.000106853922735017,2.85798116546835e-05,4.49772699896191e-06,4.16662078350782e-06,1.09901647610776e-06,0.0166304294252768,1.92485240613854e-05,1.69487902894616e-05,1.81646319106221e-05,0.00119540607722468,0.022378950621954,0.0224707863526419,1.69488300146396e-05,0.000880562564147515,1.81646221675607e-05,8.40971217220578e-06,1.33546651674738e-05,0.0224707864098044,0.000184250994493255,2.49320210977755e-05,0.0192003071057987,8.40972643345594e-06,0.000419545701074197,0.0010827403748408,0.00235896243248135,0.000278042774930598,0.0184983395280222,1.20642525288728e-05,2.49320210977755e-05,2.87845880408038e-05,1.33546651674738e-05,6.32021434372352e-05,4.1512096714531e-05,1.92485749721527e-05,0.00190997769439477,0.000184250994493255,7.22373508570563e-06,7.22373508570563e-06,5.40617550886559e-05,0.00317864351615533,0.0192003071057987,0.00190997769439477,0.000419545685872436,0.000429421734776884,2.87845880408038e-05,0.00100140652147396,0.00190997764002532,0.000541422283276916,3.26458827475812e-05,4.22667728362341e-05,6.95198317822721e-05,9.82174543591322e-06,9.82174543591322e-06,9.82174543591322e-06,1.71084648494316e-06,4.16665553225185e-06,3.56130615938154e-05,6.71903226691055e-05,0.00100140652147396,4.00016559845728e-05,3.42174473215418e-06,5.26699712242257e-06,0.0223789506126195,1.00819129477927e-05,1.11783156171441e-05,2.87845880408038e-05,0.0184983395738527,0.0186053556390107,1.1178372367865e-05,,,,,,,,,,,,,,,,,,,,,,,,,,,,,,,,
0.00601144495885819,0.00601144473765625,0.00601144499632765,0.00601144499632765,,,,,,,,,,,,,,,,,,,,,,,,,,,,,,,,,,,,,,,,,,,,,,,,,,,,,,,,,,,,,,,,,,,,,,,,,,,,,,,,,,,,,,,,,,,,,,,,,,,,,,,,,,,,,,,,,,
0.0216385758249089,0.0216385758249089,0.0216385758249089,,,,,,,,,,,,,,,,,,,,,,,,,,,,,,,,,,,,,,,,,,,,,,,,,,,,,,,,,,,,,,,,,,,,,,,,,,,,,,,,,,,,,,,,,,,,,,,,,,,,,,,,,,,,,,,,,,,
